{
  "materials": [
    {
      "item": {
        "type": "forge:partial_nbt",
        "item": "tacz:ammo",
        "nbt": {
          "AmmoId": "emxcust:emx_cus_tool"
        }
      },
      "count": 5
    },
    {
      "item": {
        "type": "forge:partial_nbt",
        "item": "tacz:modern_kinetic_gun",
        "nbt": {
          "GunId": "emxarms:emx_pmg90"
        }
      },
      "count": 1
    },
    {
      "item": {
        "type": "forge:partial_nbt",
        "item": "tacz:attachment",
        "nbt": {
          "AttachmentId": "emxarms:sight_emx_return"
        }
      },
      "count": 1
    },
    {
      "item": {
        "tag": "forge:dyes/orange"
      },
      "count": 4
    },
    {
      "item": {
        "tag": "forge:dyes/gray"
      },
      "count": 16
    }
  ],
  "result": {
    "type": "gun",
    "id": "emxarms:emx_pmg90eos",
    "attachments": {
      "scope": "emxarms:sight_emx_return_eos",
      "extended_mag": "emxarms:emx_lightweight_mag_2"
    }
  },
  "type": "tacz:gun_smith_table_crafting"
}