{
  "materials": [
    {
      "item": {
        "type": "forge:partial_nbt",
        "item": "tacz:ammo",
        "nbt": {
          "AmmoId": "emxcust:emx_cus_tool"
        }
      },
      "count": 4
    },
    {
      "item": {
        "type": "forge:partial_nbt",
        "item": "tacz:modern_kinetic_gun",
        "nbt": {
          "GunId": "emxarms:emx_mk951r"
        }
      },
      "count": 1
    },
    {
      "item": {
        "item": "minecraft:blue_dye"
      },
      "count": 8
    },
    {
      "item": {
        "item": "minecraft:gold_block"
      },
      "count": 1
    }
  ],
  "result": {
    "type": "gun",
    "id": "emxarms:emx_mk951r_ba"
  },
  "type": "tacz:gun_smith_table_crafting"
}