{
  "materials": [
    {
      "item": {
        "tag": "forge:ingots/copper"
      },
      "count": 24
    },
    {
      "item": {
        "tag": "forge:ingots/iron"
      },
      "count": 48
    },
    {
      "item": {
        "tag": "forge:gunpowder"
      },
      "count": 38
    },
    {
      "item": {
        "tag": "forge:rods/blaze"
      },
      "count": 5
    }
  ],
  "result": {
    "type": "ammo",
    "id": "bggp:105x372r",
    "count": 1
  },
  "type": "tacz:gun_smith_table_crafting"
}