{
  "materials": [
    {
      "item": {
        "tag": "forge:ingots/copper"
      },
      "count": 64
    },
    {
      "item": {
        "tag": "forge:ingots/iron"
      },
      "count": 128
    },
    {
      "item": {
        "tag": "forge:gunpowder"
      },
      "count": 48
    },
    {
      "item": {
        "tag": "forge:rods/blaze"
      },
      "count": 8
    }
  ],
  "result": {
    "type": "ammo",
    "id": "bggp:120x570nato",
    "count": 1
  },
  "type": "tacz:gun_smith_table_crafting"
}