{
  "materials": [
    {
      "item": {
        "tag": "forge:ingots/copper"
      },
      "count": 30
    },
    {
      "item": {
        "tag": "forge:ingots/iron"
      },
      "count": 50
    },
    {
      "item": {
        "tag": "forge:gunpowder"
      },
      "count": 40
    },
    {
      "item": {
        "tag": "forge:rods/blaze"
      },
      "count": 4
    }
  ],
  "result": {
    "type": "ammo",
    "id": "bggp:40x365r",
    "count": 4
  },
  "type": "tacz:gun_smith_table_crafting"
}