{
    "model": "bggp:gun/ch120_26_man_geo",
    "texture": "bggp:gun/uv/ch120_26_man",
    "slot": "bggp:gun/slot/ch120_26_man",
    "hud": "bggp:gun/hud/ch120_26_man",
    "transform": {
        "scale": {
            "thirdperson": [
                0.7,
                0.7,
                0.7
            ],
            "ground": [
                0.7,
                0.7,
                0.7
            ],
            "fixed": [
                0.7,
                0.7,
                0.7
            ]
        }
    },
    "offhand_show": {
        "pos": [0, 15, -3.5],
        "rotate": [0, 0, 10],
        "scale": [0, 0, 0]
    },
    "hotbar_show": {
        "0": {
            "pos": [4, 24, 4],
            "rotate": [-90, -5, -90],
            "scale": [0, 0, 0]
        }
    },
    "third_person_animation": "default",
    "sounds": {
        "shoot": "bggp:l44/l44_shoot",
        "shoot_3p": "bggp:l44/l44_shoot_3p"
    },
    "shell": {
        "initial_velocity": [5, 2, 1],
        "random_velocity": [1, 1, 0.25],
        "acceleration": [0.0, -10, 0.0],
        "angular_velocity": [360, -1200, 90],
        "living_time": 1.0
    },
    "muzzle_flash": {
      "texture": "tacz:flash/common_muzzle_flash",
      "scale": 30
    },
    "animation": "bggp:l44",
    "use_default_animation": "rifle"
}