{
	"format_version": "1.12.0",
	"minecraft:geometry": [
		{
			"description": {
				"identifier": "geometry.unknown",
				"texture_width": 64,
				"texture_height": 64,
				"visible_bounds_width": 18,
				"visible_bounds_height": 15,
				"visible_bounds_offset": [0, 1.5, 0]
			},
			"bones": [
				{
					"name": "scope_body",
					"pivot": [-0.00843, 1.51428, 1.08235],
					"rotation": [0, 0, 90],
					"cubes": [
						{
							"origin": [0.45858, 0.2381, 0],
							"size": [1.5, 1.00711, 2],
							"uv": {
								"north": {"uv": [30, 11], "uv_size": [1, 1]},
								"east": {"uv": [16, 24], "uv_size": [2, 1]},
								"south": {"uv": [30, 13], "uv_size": [1, 1]},
								"west": {"uv": [24, 16], "uv_size": [2, 1]},
								"up": {"uv": [24, 18], "uv_size": [1, 2]},
								"down": {"uv": [19, 26], "uv_size": [1, -2]}
							}
						},
						{
							"origin": [0.56288, 0.70199, -0.2],
							"size": [0.4, 0.4, 2.4],
							"pivot": [1.15856, 1.2977, 0.9],
							"rotation": [0, 0, -45],
							"uv": {
								"north": {"uv": [30, 15], "uv_size": [1, 1]},
								"east": {"uv": [21, 24], "uv_size": [2, 1]},
								"south": {"uv": [19, 30], "uv_size": [1, 1]},
								"west": {"uv": [24, 21], "uv_size": [2, 1]},
								"up": {"uv": [24, 23], "uv_size": [1, 2]},
								"down": {"uv": [25, 2], "uv_size": [1, -2]}
							}
						},
						{
							"origin": [0.90782, 0.54846, 0.5],
							"size": [1, 1, 1],
							"pivot": [1.15856, 1.2977, 0.9],
							"rotation": [0, 0, 45],
							"uv": {
								"north": {"uv": [21, 30], "uv_size": [1, 1]},
								"east": {"uv": [30, 27], "uv_size": [1, 1]},
								"south": {"uv": [30, 29], "uv_size": [1, 1]},
								"west": {"uv": [0, 31], "uv_size": [1, 1]},
								"up": {"uv": [2, 31], "uv_size": [1, 1]},
								"down": {"uv": [31, 3], "uv_size": [1, -1]}
							}
						},
						{
							"origin": [-0.13627, 2.11237, 1.7],
							"size": [1.1, 0.46, 2.1],
							"pivot": [1.15856, 1.2977, 0.9],
							"rotation": [0, 0, -45],
							"uv": {
								"north": {"uv": [4, 31], "uv_size": [1, 1]},
								"east": {"uv": [25, 3], "uv_size": [2, 1]},
								"south": {"uv": [31, 6], "uv_size": [1, 1]},
								"west": {"uv": [25, 5], "uv_size": [2, 1]},
								"up": {"uv": [0, 26], "uv_size": [1, 2]},
								"down": {"uv": [2, 28], "uv_size": [1, -2]}
							}
						},
						{
							"origin": [1.65324, 1.81253, 1.7],
							"size": [1.1, 0.46, 2.1],
							"pivot": [1.15856, 1.2977, 0.9],
							"rotation": [0, 0, -135],
							"uv": {
								"north": {"uv": [9, 31], "uv_size": [1, 1]},
								"east": {"uv": [4, 26], "uv_size": [2, 1]},
								"south": {"uv": [11, 31], "uv_size": [1, 1]},
								"west": {"uv": [7, 26], "uv_size": [2, 1]},
								"up": {"uv": [26, 7], "uv_size": [1, 2]},
								"down": {"uv": [10, 28], "uv_size": [1, -2]}
							}
						},
						{
							"origin": [0.81905, 2.33679, 1.7],
							"size": [1.10309, 0.45255, 2.1],
							"pivot": [1.15856, 1.2977, 0.9],
							"rotation": [0, 0, -90],
							"uv": {
								"north": {"uv": [13, 31], "uv_size": [1, 1]},
								"east": {"uv": [26, 10], "uv_size": [2, 1]},
								"south": {"uv": [15, 31], "uv_size": [1, 1]},
								"west": {"uv": [12, 26], "uv_size": [2, 1]},
								"up": {"uv": [15, 26], "uv_size": [1, 2]},
								"down": {"uv": [17, 28], "uv_size": [1, -2]}
							}
						},
						{
							"origin": [1.8724, 0.85939, 1.7],
							"size": [1.10309, 0.45255, 2.1],
							"pivot": [1.15856, 1.2977, 0.9],
							"rotation": [0, 0, -180],
							"uv": {
								"north": {"uv": [31, 22], "uv_size": [1, 1]},
								"east": {"uv": [26, 18], "uv_size": [2, 1]},
								"south": {"uv": [26, 31], "uv_size": [1, 1]},
								"west": {"uv": [21, 26], "uv_size": [2, 1]},
								"up": {"uv": [26, 23], "uv_size": [1, 2]},
								"down": {"uv": [24, 28], "uv_size": [1, -2]}
							}
						},
						{
							"origin": [-1.15355, 1.56729, 0.5],
							"size": [1.4, 0.58, 2.2],
							"uv": {
								"north": {"uv": [28, 31], "uv_size": [1, 1]},
								"east": {"uv": [26, 26], "uv_size": [2, 1]},
								"south": {"uv": [30, 31], "uv_size": [1, 1]},
								"west": {"uv": [27, 0], "uv_size": [2, 1]},
								"up": {"uv": [19, 27], "uv_size": [1, 2]},
								"down": {"uv": [27, 22], "uv_size": [1, -2]}
							}
						},
						{
							"origin": [-0.28576, 2.54329, 0.5],
							"size": [1.4, 0.58, 2.2],
							"pivot": [1.15856, 1.2977, 0.9],
							"rotation": [0, 0, -45],
							"uv": {
								"north": {"uv": [6, 32], "uv_size": [1, 1]},
								"east": {"uv": [27, 16], "uv_size": [2, 1]},
								"south": {"uv": [32, 8], "uv_size": [1, 1]},
								"west": {"uv": [28, 2], "uv_size": [2, 1]},
								"up": {"uv": [4, 28], "uv_size": [1, 2]},
								"down": {"uv": [28, 6], "uv_size": [1, -2]}
							}
						},
						{
							"origin": [-0.10103, -0.60442, 0.5],
							"size": [1.4, 0.58, 2.2],
							"pivot": [1.15856, 1.2977, 0.9],
							"rotation": [0, 0, 90],
							"uv": {
								"north": {"uv": [32, 10], "uv_size": [1, 1]},
								"east": {"uv": [6, 28], "uv_size": [2, 1]},
								"south": {"uv": [32, 12], "uv_size": [1, 1]},
								"west": {"uv": [28, 7], "uv_size": [2, 1]},
								"up": {"uv": [12, 28], "uv_size": [1, 2]},
								"down": {"uv": [28, 14], "uv_size": [1, -2]}
							}
						},
						{
							"origin": [-1.07703, 0.26337, 0.5],
							"size": [1.4, 0.58, 2.2],
							"pivot": [1.15856, 1.2977, 0.9],
							"rotation": [0, 0, 45],
							"uv": {
								"north": {"uv": [32, 14], "uv_size": [1, 1]},
								"east": {"uv": [21, 28], "uv_size": [2, 1]},
								"south": {"uv": [32, 16], "uv_size": [1, 1]},
								"west": {"uv": [28, 23], "uv_size": [2, 1]},
								"up": {"uv": [26, 28], "uv_size": [1, 2]},
								"down": {"uv": [28, 30], "uv_size": [1, -2]}
							}
						},
						{
							"origin": [-0.40103, -0.72442, -2.5],
							"size": [2, 0.82, 3],
							"pivot": [1.15856, 1.2977, 0.9],
							"rotation": [0, 0, 90],
							"uv": {
								"north": {"uv": [0, 29], "uv_size": [2, 1]},
								"east": {"uv": [6, 8], "uv_size": [3, 1]},
								"south": {"uv": [9, 29], "uv_size": [2, 1]},
								"west": {"uv": [9, 0], "uv_size": [3, 1]},
								"up": {"uv": [0, 0], "uv_size": [2, 3]},
								"down": {"uv": [3, 3], "uv_size": [2, -3]}
							}
						},
						{
							"origin": [1.77068, 0.3281, -2.5],
							"size": [2, 0.82, 3],
							"pivot": [1.15856, 1.2977, 0.9],
							"rotation": [0, 0, -180],
							"uv": {
								"north": {"uv": [29, 9], "uv_size": [2, 1]},
								"east": {"uv": [9, 2], "uv_size": [3, 1]},
								"south": {"uv": [14, 29], "uv_size": [2, 1]},
								"west": {"uv": [9, 4], "uv_size": [3, 1]},
								"up": {"uv": [0, 4], "uv_size": [2, 3]},
								"down": {"uv": [3, 7], "uv_size": [2, -3]}
							}
						},
						{
							"origin": [0.90579, -0.65513, -2.5],
							"size": [1.99404, 0.83439, 3],
							"pivot": [1.15856, 1.2977, 0.9],
							"rotation": [0, 0, 135],
							"uv": {
								"north": {"uv": [29, 18], "uv_size": [2, 1]},
								"east": {"uv": [9, 6], "uv_size": [3, 1]},
								"south": {"uv": [29, 20], "uv_size": [2, 1]},
								"west": {"uv": [6, 10], "uv_size": [3, 1]},
								"up": {"uv": [6, 0], "uv_size": [2, 3]},
								"down": {"uv": [6, 7], "uv_size": [2, -3]}
							}
						},
						{
							"origin": [1.69718, 1.62475, -2.5],
							"size": [1.99404, 0.83439, 3],
							"pivot": [1.15856, 1.2977, 0.9],
							"rotation": [0, 0, -135],
							"uv": {
								"north": {"uv": [29, 25], "uv_size": [2, 1]},
								"east": {"uv": [10, 8], "uv_size": [3, 1]},
								"south": {"uv": [30, 0], "uv_size": [2, 1]},
								"west": {"uv": [10, 10], "uv_size": [3, 1]},
								"up": {"uv": [0, 8], "uv_size": [2, 3]},
								"down": {"uv": [3, 11], "uv_size": [2, -3]}
							}
						},
						{
							"origin": [0.41285, 0.05349, 0],
							"size": [1, 1, 2],
							"pivot": [1.15856, 1.2977, 0.9],
							"rotation": [0, 0, 45],
							"uv": {
								"north": {"uv": [17, 32], "uv_size": [1, 1]},
								"east": {"uv": [30, 4], "uv_size": [2, 1]},
								"south": {"uv": [32, 18], "uv_size": [1, 1]},
								"west": {"uv": [6, 30], "uv_size": [2, 1]},
								"up": {"uv": [17, 29], "uv_size": [1, 2]},
								"down": {"uv": [24, 31], "uv_size": [1, -2]}
							}
						},
						{
							"origin": [-0.08716, -0.04651, -0.5],
							"size": [0.5, 1.2, 3],
							"pivot": [1.15856, 1.2977, 0.9],
							"rotation": [0, 0, 45],
							"uv": {
								"north": {"uv": [19, 32], "uv_size": [1, 1]},
								"east": {"uv": [0, 12], "uv_size": [3, 1]},
								"south": {"uv": [32, 20], "uv_size": [1, 1]},
								"west": {"uv": [4, 12], "uv_size": [3, 1]},
								"up": {"uv": [8, 12], "uv_size": [1, 3]},
								"down": {"uv": [10, 15], "uv_size": [1, -3]}
							}
						}
					]
				},
				{
					"name": "division",
					"pivot": [0, 1.60974, -68.1],
					"cubes": [
						{
							"origin": [-1.56835, 1.50346, -68.1],
							"size": [3.00309, 0.22255, 0],
							"pivot": [-0.06681, 1.60974, -68.1],
							"rotation": [0, 0, -90],
							"uv": {
								"north": {"uv": [12, 12], "uv_size": [3, 1]},
								"east": {"uv": [3, 29], "uv_size": [0, 1]},
								"south": {"uv": [13, 0], "uv_size": [3, 1]},
								"west": {"uv": [23, 30], "uv_size": [0, 1]},
								"up": {"uv": [36, 38], "uv_size": [3, 0]},
								"down": {"uv": [38, 36], "uv_size": [3, 0]}
							}
						},
						{
							"origin": [-5.56835, 1.50346, -68.1],
							"size": [3.00309, 0.22255, 0],
							"pivot": [-4.06681, 1.60974, -68.1],
							"rotation": [0, 0, -90],
							"uv": {
								"north": {"uv": [0, 20], "uv_size": [3, 1]},
								"east": {"uv": [26, 40], "uv_size": [0, 1]},
								"south": {"uv": [4, 20], "uv_size": [3, 1]},
								"west": {"uv": [27, 40], "uv_size": [0, 1]},
								"up": {"uv": [40, 28], "uv_size": [3, 0]},
								"down": {"uv": [40, 29], "uv_size": [3, 0]}
							}
						},
						{
							"origin": [-13.56835, 1.50346, -68.1],
							"size": [3.00309, 0.22255, 0],
							"pivot": [-12.06681, 1.60974, -68.1],
							"rotation": [0, 0, -90],
							"uv": {
								"north": {"uv": [20, 12], "uv_size": [3, 1]},
								"east": {"uv": [35, 40], "uv_size": [0, 1]},
								"south": {"uv": [20, 14], "uv_size": [3, 1]},
								"west": {"uv": [37, 40], "uv_size": [0, 1]},
								"up": {"uv": [40, 33], "uv_size": [3, 0]},
								"down": {"uv": [38, 40], "uv_size": [3, 0]}
							}
						},
						{
							"origin": [-9.56835, 1.50346, -68.1],
							"size": [3.00309, 0.22255, 0],
							"pivot": [-8.06681, 1.60974, -68.1],
							"rotation": [0, 0, -90],
							"uv": {
								"north": {"uv": [8, 20], "uv_size": [3, 1]},
								"east": {"uv": [30, 40], "uv_size": [0, 1]},
								"south": {"uv": [12, 20], "uv_size": [3, 1]},
								"west": {"uv": [40, 30], "uv_size": [0, 1]},
								"up": {"uv": [31, 40], "uv_size": [3, 0]},
								"down": {"uv": [40, 32], "uv_size": [3, 0]}
							}
						},
						{
							"origin": [-29.56835, 1.50346, -68.1],
							"size": [3.00309, 0.22255, 0],
							"pivot": [-28.06681, 1.60974, -68.1],
							"rotation": [0, 0, -90],
							"uv": {
								"north": {"uv": [21, 4], "uv_size": [3, 1]},
								"east": {"uv": [41, 19], "uv_size": [0, 1]},
								"south": {"uv": [21, 6], "uv_size": [3, 1]},
								"west": {"uv": [22, 41], "uv_size": [0, 1]},
								"up": {"uv": [41, 24], "uv_size": [3, 0]},
								"down": {"uv": [41, 25], "uv_size": [3, 0]}
							}
						},
						{
							"origin": [-130.56835, -10.49654, -68.1],
							"size": [203.00309, 112.22255, 0],
							"pivot": [-29.06681, 1.60974, -68.1],
							"rotation": [0, 0, -90],
							"uv": {
								"north": {"uv": [21, 4], "uv_size": [3, 1]},
								"east": {"uv": [41, 19], "uv_size": [0, 1]},
								"south": {"uv": [21, 6], "uv_size": [3, 1]},
								"west": {"uv": [22, 41], "uv_size": [0, 1]},
								"up": {"uv": [41, 24], "uv_size": [3, 0]},
								"down": {"uv": [41, 25], "uv_size": [3, 0]}
							}
						},
						{
							"origin": [-25.56835, 1.50346, -68.1],
							"size": [3.00309, 0.22255, 0],
							"pivot": [-24.06681, 1.60974, -68.1],
							"rotation": [0, 0, -90],
							"uv": {
								"north": {"uv": [21, 0], "uv_size": [3, 1]},
								"east": {"uv": [17, 41], "uv_size": [0, 1]},
								"south": {"uv": [21, 2], "uv_size": [3, 1]},
								"west": {"uv": [41, 17], "uv_size": [0, 1]},
								"up": {"uv": [41, 15], "uv_size": [3, 0]},
								"down": {"uv": [18, 41], "uv_size": [3, 0]}
							}
						},
						{
							"origin": [-17.56835, 1.50346, -68.1],
							"size": [3.00309, 0.22255, 0],
							"pivot": [-16.06681, 1.60974, -68.1],
							"rotation": [0, 0, -90],
							"uv": {
								"north": {"uv": [20, 18], "uv_size": [3, 1]},
								"east": {"uv": [5, 41], "uv_size": [0, 1]},
								"south": {"uv": [20, 20], "uv_size": [3, 1]},
								"west": {"uv": [41, 10], "uv_size": [0, 1]},
								"up": {"uv": [12, 41], "uv_size": [3, 0]},
								"down": {"uv": [41, 14], "uv_size": [3, 0]}
							}
						},
						{
							"origin": [-21.56835, 1.50346, -68.1],
							"size": [3.00309, 0.22255, 0],
							"pivot": [-20.06681, 1.60974, -68.1],
							"rotation": [0, 0, -90],
							"uv": {
								"north": {"uv": [16, 20], "uv_size": [3, 1]},
								"east": {"uv": [0, 41], "uv_size": [0, 1]},
								"south": {"uv": [20, 16], "uv_size": [3, 1]},
								"west": {"uv": [41, 1], "uv_size": [0, 1]},
								"up": {"uv": [40, 38], "uv_size": [3, 0]},
								"down": {"uv": [8, 41], "uv_size": [3, 0]}
							}
						},
						{
							"origin": [26.43165, 1.50346, -68.1],
							"size": [3.00309, 0.22255, 0],
							"pivot": [27.93319, 1.60974, -68.1],
							"rotation": [0, 0, -90],
							"uv": {
								"north": {"uv": [24, 12], "uv_size": [3, 1]},
								"east": {"uv": [18, 42], "uv_size": [0, 1]},
								"south": {"uv": [24, 14], "uv_size": [3, 1]},
								"west": {"uv": [42, 18], "uv_size": [0, 1]},
								"up": {"uv": [42, 20], "uv_size": [3, 0]},
								"down": {"uv": [30, 42], "uv_size": [3, 0]}
							}
						},
						{
							"origin": [-72.56835, -98.49654, -68.1],
							"size": [203.00309, 112.22255, 0],
							"pivot": [28.93319, 1.60974, -68.1],
							"rotation": [0, 0, -90],
							"uv": {
								"north": {"uv": [24, 12], "uv_size": [3, 1]},
								"east": {"uv": [18, 42], "uv_size": [0, 1]},
								"south": {"uv": [24, 14], "uv_size": [3, 1]},
								"west": {"uv": [42, 18], "uv_size": [0, 1]},
								"up": {"uv": [42, 20], "uv_size": [3, 0]},
								"down": {"uv": [30, 42], "uv_size": [3, 0]}
							}
						},
						{
							"origin": [22.43165, 1.50346, -68.1],
							"size": [3.00309, 0.22255, 0],
							"pivot": [23.93319, 1.60974, -68.1],
							"rotation": [0, 0, -90],
							"uv": {
								"north": {"uv": [8, 24], "uv_size": [3, 1]},
								"east": {"uv": [15, 42], "uv_size": [0, 1]},
								"south": {"uv": [12, 24], "uv_size": [3, 1]},
								"west": {"uv": [16, 42], "uv_size": [0, 1]},
								"up": {"uv": [42, 11], "uv_size": [3, 0]},
								"down": {"uv": [42, 17], "uv_size": [3, 0]}
							}
						},
						{
							"origin": [18.43165, 1.50346, -68.1],
							"size": [3.00309, 0.22255, 0],
							"pivot": [19.93319, 1.60974, -68.1],
							"rotation": [0, 0, -90],
							"uv": {
								"north": {"uv": [0, 24], "uv_size": [3, 1]},
								"east": {"uv": [4, 42], "uv_size": [0, 1]},
								"south": {"uv": [4, 24], "uv_size": [3, 1]},
								"west": {"uv": [10, 42], "uv_size": [0, 1]},
								"up": {"uv": [42, 10], "uv_size": [3, 0]},
								"down": {"uv": [11, 42], "uv_size": [3, 0]}
							}
						},
						{
							"origin": [10.43165, 1.50346, -68.1],
							"size": [3.00309, 0.22255, 0],
							"pivot": [11.93319, 1.60974, -68.1],
							"rotation": [0, 0, -90],
							"uv": {
								"north": {"uv": [16, 22], "uv_size": [3, 1]},
								"east": {"uv": [2, 42], "uv_size": [0, 1]},
								"south": {"uv": [20, 22], "uv_size": [3, 1]},
								"west": {"uv": [3, 42], "uv_size": [0, 1]},
								"up": {"uv": [42, 2], "uv_size": [3, 0]},
								"down": {"uv": [6, 42], "uv_size": [3, 0]}
							}
						},
						{
							"origin": [14.43165, 1.50346, -68.1],
							"size": [3.00309, 0.22255, 0],
							"pivot": [15.93319, 1.60974, -68.1],
							"rotation": [0, 0, -90],
							"uv": {
								"north": {"uv": [22, 10], "uv_size": [3, 1]},
								"east": {"uv": [36, 41], "uv_size": [0, 1]},
								"south": {"uv": [12, 22], "uv_size": [3, 1]},
								"west": {"uv": [1, 42], "uv_size": [0, 1]},
								"up": {"uv": [41, 39], "uv_size": [3, 0]},
								"down": {"uv": [42, 1], "uv_size": [3, 0]}
							}
						},
						{
							"origin": [6.43165, 1.50346, -68.1],
							"size": [3.00309, 0.22255, 0],
							"pivot": [7.93319, 1.60974, -68.1],
							"rotation": [0, 0, -90],
							"uv": {
								"north": {"uv": [8, 22], "uv_size": [3, 1]},
								"east": {"uv": [28, 41], "uv_size": [0, 1]},
								"south": {"uv": [22, 8], "uv_size": [3, 1]},
								"west": {"uv": [29, 41], "uv_size": [0, 1]},
								"up": {"uv": [41, 31], "uv_size": [3, 0]},
								"down": {"uv": [38, 41], "uv_size": [3, 0]}
							}
						},
						{
							"origin": [2.43165, 1.50346, -68.1],
							"size": [3.00309, 0.22255, 0],
							"pivot": [3.93319, 1.60974, -68.1],
							"rotation": [0, 0, -90],
							"uv": {
								"north": {"uv": [0, 22], "uv_size": [3, 1]},
								"east": {"uv": [23, 41], "uv_size": [0, 1]},
								"south": {"uv": [4, 22], "uv_size": [3, 1]},
								"west": {"uv": [24, 41], "uv_size": [0, 1]},
								"up": {"uv": [41, 30], "uv_size": [3, 0]},
								"down": {"uv": [31, 41], "uv_size": [3, 0]}
							}
						},
						{
							"origin": [-1.57335, 1.49846, -68.1],
							"size": [3.00309, 0.22255, 0],
							"pivot": [-0.07181, 1.60974, -68.1],
							"rotation": [0, 0, -180],
							"uv": {
								"north": {"uv": [13, 2], "uv_size": [3, 1]},
								"east": {"uv": [0, 39], "uv_size": [0, 1]},
								"south": {"uv": [13, 4], "uv_size": [3, 1]},
								"west": {"uv": [39, 0], "uv_size": [0, 1]},
								"up": {"uv": [38, 37], "uv_size": [3, 0]},
								"down": {"uv": [1, 39], "uv_size": [3, 0]}
							}
						},
						{
							"origin": [-1.57335, -2.50154, -68.1],
							"size": [3.00309, 0.22255, 0],
							"pivot": [-0.07181, -2.39026, -68.1],
							"rotation": [0, 0, -180],
							"uv": {
								"north": {"uv": [13, 6], "uv_size": [3, 1]},
								"east": {"uv": [39, 2], "uv_size": [0, 1]},
								"south": {"uv": [0, 14], "uv_size": [3, 1]},
								"west": {"uv": [39, 4], "uv_size": [0, 1]},
								"up": {"uv": [39, 6], "uv_size": [3, 0]},
								"down": {"uv": [39, 7], "uv_size": [3, 0]}
							}
						},
						{
							"origin": [-1.57335, -6.50154, -68.1],
							"size": [3.00309, 0.22255, 0],
							"pivot": [-0.07181, -6.39026, -68.1],
							"rotation": [0, 0, -180],
							"uv": {
								"north": {"uv": [4, 14], "uv_size": [3, 1]},
								"east": {"uv": [5, 39], "uv_size": [0, 1]},
								"south": {"uv": [14, 8], "uv_size": [3, 1]},
								"west": {"uv": [8, 39], "uv_size": [0, 1]},
								"up": {"uv": [9, 39], "uv_size": [3, 0]},
								"down": {"uv": [39, 22], "uv_size": [3, 0]}
							}
						},
						{
							"origin": [-1.57335, -14.50154, -68.1],
							"size": [3.00309, 0.22255, 0],
							"pivot": [-0.07181, -14.39026, -68.1],
							"rotation": [0, 0, -180],
							"uv": {
								"north": {"uv": [0, 16], "uv_size": [3, 1]},
								"east": {"uv": [15, 39], "uv_size": [0, 1]},
								"south": {"uv": [4, 16], "uv_size": [3, 1]},
								"west": {"uv": [28, 39], "uv_size": [0, 1]},
								"up": {"uv": [39, 34], "uv_size": [3, 0]},
								"down": {"uv": [39, 35], "uv_size": [3, 0]}
							}
						},
						{
							"origin": [-1.57335, -10.50154, -68.1],
							"size": [3.00309, 0.22255, 0],
							"pivot": [-0.07181, -10.39026, -68.1],
							"rotation": [0, 0, -180],
							"uv": {
								"north": {"uv": [14, 10], "uv_size": [3, 1]},
								"east": {"uv": [13, 39], "uv_size": [0, 1]},
								"south": {"uv": [12, 14], "uv_size": [3, 1]},
								"west": {"uv": [14, 39], "uv_size": [0, 1]},
								"up": {"uv": [39, 23], "uv_size": [3, 0]},
								"down": {"uv": [24, 39], "uv_size": [3, 0]}
							}
						},
						{
							"origin": [-1.57335, -18.50154, -68.1],
							"size": [3.00309, 0.22255, 0],
							"pivot": [-0.07181, -18.39026, -68.1],
							"rotation": [0, 0, -180],
							"uv": {
								"north": {"uv": [12, 18], "uv_size": [3, 1]},
								"east": {"uv": [40, 24], "uv_size": [0, 1]},
								"south": {"uv": [16, 18], "uv_size": [3, 1]},
								"west": {"uv": [25, 40], "uv_size": [0, 1]},
								"up": {"uv": [40, 26], "uv_size": [3, 0]},
								"down": {"uv": [40, 27], "uv_size": [3, 0]}
							}
						},
						{
							"origin": [-1.57335, -22.50154, -68.1],
							"size": [3.00309, 0.22255, 0],
							"pivot": [-0.07181, -22.39026, -68.1],
							"rotation": [0, 0, -180],
							"uv": {
								"north": {"uv": [18, 8], "uv_size": [3, 1]},
								"east": {"uv": [40, 17], "uv_size": [0, 1]},
								"south": {"uv": [18, 10], "uv_size": [3, 1]},
								"west": {"uv": [40, 19], "uv_size": [0, 1]},
								"up": {"uv": [21, 40], "uv_size": [3, 0]},
								"down": {"uv": [40, 21], "uv_size": [3, 0]}
							}
						},
						{
							"origin": [-1.57335, 17.49846, -68.1],
							"size": [3.00309, 0.22255, 0],
							"pivot": [-0.07181, 17.60974, -68.1],
							"rotation": [0, 0, -180],
							"uv": {
								"north": {"uv": [17, 2], "uv_size": [3, 1]},
								"east": {"uv": [4, 40], "uv_size": [0, 1]},
								"south": {"uv": [17, 4], "uv_size": [3, 1]},
								"west": {"uv": [6, 40], "uv_size": [0, 1]},
								"up": {"uv": [9, 40], "uv_size": [3, 0]},
								"down": {"uv": [40, 9], "uv_size": [3, 0]}
							}
						},
						{
							"origin": [-1.57335, 13.49846, -68.1],
							"size": [3.00309, 0.22255, 0],
							"pivot": [-0.07181, 13.60974, -68.1],
							"rotation": [0, 0, -180],
							"uv": {
								"north": {"uv": [16, 16], "uv_size": [3, 1]},
								"east": {"uv": [2, 40], "uv_size": [0, 1]},
								"south": {"uv": [17, 0], "uv_size": [3, 1]},
								"west": {"uv": [3, 40], "uv_size": [0, 1]},
								"up": {"uv": [40, 5], "uv_size": [3, 0]},
								"down": {"uv": [40, 8], "uv_size": [3, 0]}
							}
						},
						{
							"origin": [-1.57335, 21.49846, -68.1],
							"size": [3.00309, 0.22255, 0],
							"pivot": [-0.07181, 21.60974, -68.1],
							"rotation": [0, 0, -180],
							"uv": {
								"north": {"uv": [4, 18], "uv_size": [3, 1]},
								"east": {"uv": [40, 14], "uv_size": [0, 1]},
								"south": {"uv": [8, 18], "uv_size": [3, 1]},
								"west": {"uv": [16, 40], "uv_size": [0, 1]},
								"up": {"uv": [40, 16], "uv_size": [3, 0]},
								"down": {"uv": [17, 40], "uv_size": [3, 0]}
							}
						},
						{
							"origin": [-1.57335, 25.49846, -68.1],
							"size": [3.00309, 0.22255, 0],
							"pivot": [-0.07181, 25.60974, -68.1],
							"rotation": [0, 0, -180],
							"uv": {
								"north": {"uv": [17, 6], "uv_size": [3, 1]},
								"east": {"uv": [7, 40], "uv_size": [0, 1]},
								"south": {"uv": [0, 18], "uv_size": [3, 1]},
								"west": {"uv": [40, 10], "uv_size": [0, 1]},
								"up": {"uv": [40, 12], "uv_size": [3, 0]},
								"down": {"uv": [40, 13], "uv_size": [3, 0]}
							}
						},
						{
							"origin": [-28.96053, -49.89181, -68.1],
							"size": [57.77745, 84.61282, 0],
							"pivot": [-0.07181, 26.60974, -68.1],
							"rotation": [0, 0, -180],
							"uv": {
								"north": {"uv": [17, 6], "uv_size": [3, 1]},
								"east": {"uv": [7, 40], "uv_size": [0, 1]},
								"south": {"uv": [0, 18], "uv_size": [3, 1]},
								"west": {"uv": [40, 10], "uv_size": [0, 1]},
								"up": {"uv": [40, 12], "uv_size": [3, 0]},
								"down": {"uv": [40, 13], "uv_size": [3, 0]}
							}
						},
						{
							"origin": [13.4809, 18.85085, -68.1],
							"size": [22.77745, 22.61282, 0],
							"pivot": [24.86963, 24.65726, -68.1],
							"rotation": [0, 0, -135],
							"uv": {
								"north": {"uv": [17, 6], "uv_size": [3, 1]},
								"east": {"uv": [7, 40], "uv_size": [0, 1]},
								"south": {"uv": [0, 18], "uv_size": [3, 1]},
								"west": {"uv": [40, 10], "uv_size": [0, 1]},
								"up": {"uv": [40, 12], "uv_size": [3, 0]},
								"down": {"uv": [40, 13], "uv_size": [3, 0]}
							}
						},
						{
							"origin": [-36.40197, 18.85085, -68.1],
							"size": [22.77745, 22.61282, 0],
							"pivot": [-25.01324, 24.65726, -68.1],
							"rotation": [0, 0, 135],
							"uv": {
								"north": {"uv": [17, 6], "uv_size": [3, 1]},
								"east": {"uv": [7, 40], "uv_size": [0, 1]},
								"south": {"uv": [0, 18], "uv_size": [3, 1]},
								"west": {"uv": [40, 10], "uv_size": [0, 1]},
								"up": {"uv": [40, 12], "uv_size": [3, 0]},
								"down": {"uv": [40, 13], "uv_size": [3, 0]}
							}
						},
						{
							"origin": [-29.09679, -44.88046, -68.1],
							"size": [22.77745, 22.61282, 0],
							"pivot": [-0.07181, -21.43779, -68.1],
							"rotation": [0, 0, 45],
							"uv": {
								"north": {"uv": [17, 6], "uv_size": [3, 1]},
								"east": {"uv": [7, 40], "uv_size": [0, 1]},
								"south": {"uv": [0, 18], "uv_size": [3, 1]},
								"west": {"uv": [40, 10], "uv_size": [0, 1]},
								"up": {"uv": [40, 12], "uv_size": [3, 0]},
								"down": {"uv": [40, 13], "uv_size": [3, 0]}
							}
						},
						{
							"origin": [6.17572, -44.88046, -68.1],
							"size": [22.77745, 22.61282, 0],
							"pivot": [-0.07181, -21.43779, -68.1],
							"rotation": [0, 0, -45],
							"uv": {
								"north": {"uv": [17, 6], "uv_size": [3, 1]},
								"east": {"uv": [7, 40], "uv_size": [0, 1]},
								"south": {"uv": [0, 18], "uv_size": [3, 1]},
								"west": {"uv": [40, 10], "uv_size": [0, 1]},
								"up": {"uv": [40, 12], "uv_size": [3, 0]},
								"down": {"uv": [40, 13], "uv_size": [3, 0]}
							}
						},
						{
							"origin": [-28.96053, -184.28209, -68.1],
							"size": [57.77745, 84.61282, 0],
							"pivot": [-0.07181, -99.78054, -68.1],
							"rotation": [0, 0, -180],
							"uv": {
								"north": {"uv": [17, 6], "uv_size": [3, 1]},
								"east": {"uv": [7, 40], "uv_size": [0, 1]},
								"south": {"uv": [0, 18], "uv_size": [3, 1]},
								"west": {"uv": [40, 10], "uv_size": [0, 1]},
								"up": {"uv": [40, 12], "uv_size": [3, 0]},
								"down": {"uv": [40, 13], "uv_size": [3, 0]}
							}
						},
						{
							"origin": [-1.57335, 9.49846, -68.1],
							"size": [3.00309, 0.22255, 0],
							"pivot": [-0.07181, 9.60974, -68.1],
							"rotation": [0, 0, -180],
							"uv": {
								"north": {"uv": [16, 12], "uv_size": [3, 1]},
								"east": {"uv": [1, 40], "uv_size": [0, 1]},
								"south": {"uv": [16, 14], "uv_size": [3, 1]},
								"west": {"uv": [40, 1], "uv_size": [0, 1]},
								"up": {"uv": [40, 3], "uv_size": [3, 0]},
								"down": {"uv": [40, 4], "uv_size": [3, 0]}
							}
						},
						{
							"origin": [-1.57335, 5.49846, -68.1],
							"size": [3.00309, 0.22255, 0],
							"pivot": [-0.07181, 5.60974, -68.1],
							"rotation": [0, 0, -180],
							"uv": {
								"north": {"uv": [8, 16], "uv_size": [3, 1]},
								"east": {"uv": [29, 39], "uv_size": [0, 1]},
								"south": {"uv": [12, 16], "uv_size": [3, 1]},
								"west": {"uv": [36, 39], "uv_size": [0, 1]},
								"up": {"uv": [37, 39], "uv_size": [3, 0]},
								"down": {"uv": [40, 0], "uv_size": [3, 0]}
							}
						}
					]
				},
				{
					"name": "ocular_ring",
					"pivot": [0.00319, 1.60973, 4],
					"cubes": [
						{
							"origin": [0.49318, 1.37973, 4],
							"size": [0.06, 0.46, 0.1],
							"pivot": [0.00319, 1.60974, 4],
							"rotation": [0, 0, -45],
							"uv": {
								"north": {"uv": [35, 0], "uv_size": [1, 1]},
								"east": {"uv": [2, 35], "uv_size": [1, 1]},
								"south": {"uv": [35, 2], "uv_size": [1, 1]},
								"west": {"uv": [4, 35], "uv_size": [1, 1]},
								"up": {"uv": [35, 4], "uv_size": [1, 1]},
								"down": {"uv": [35, 7], "uv_size": [1, -1]}
							}
						},
						{
							"origin": [0.49319, 1.37975, 4],
							"size": [0.06, 0.46, 0.1],
							"pivot": [0.00319, 1.60974, 4],
							"rotation": [0, 0, -135],
							"uv": {
								"north": {"uv": [34, 28], "uv_size": [1, 1]},
								"east": {"uv": [34, 30], "uv_size": [1, 1]},
								"south": {"uv": [31, 34], "uv_size": [1, 1]},
								"west": {"uv": [34, 32], "uv_size": [1, 1]},
								"up": {"uv": [33, 34], "uv_size": [1, 1]},
								"down": {"uv": [0, 36], "uv_size": [1, -1]}
							}
						},
						{
							"origin": [0.49165, 1.38346, 4],
							"size": [0.06309, 0.45255, 0.1],
							"pivot": [0.00319, 1.60974, 4],
							"rotation": [0, 0, -90],
							"uv": {
								"north": {"uv": [34, 18], "uv_size": [1, 1]},
								"east": {"uv": [20, 34], "uv_size": [1, 1]},
								"south": {"uv": [34, 20], "uv_size": [1, 1]},
								"west": {"uv": [22, 34], "uv_size": [1, 1]},
								"up": {"uv": [34, 24], "uv_size": [1, 1]},
								"down": {"uv": [34, 27], "uv_size": [1, -1]}
							}
						},
						{
							"origin": [0.49167, 1.38346, 4],
							"size": [0.06309, 0.45255, 0.1],
							"pivot": [0.00319, 1.60974, 4],
							"rotation": [0, 0, -180],
							"uv": {
								"north": {"uv": [34, 10], "uv_size": [1, 1]},
								"east": {"uv": [34, 12], "uv_size": [1, 1]},
								"south": {"uv": [34, 14], "uv_size": [1, 1]},
								"west": {"uv": [16, 34], "uv_size": [1, 1]},
								"up": {"uv": [34, 16], "uv_size": [1, 1]},
								"down": {"uv": [18, 35], "uv_size": [1, -1]}
							}
						},
						{
							"origin": [0.49321, 1.37972, 4],
							"size": [0.06, 0.46, 0.1],
							"pivot": [0.00319, 1.60974, 4],
							"rotation": [0, 0, 135],
							"uv": {
								"north": {"uv": [20, 36], "uv_size": [1, 1]},
								"east": {"uv": [36, 20], "uv_size": [1, 1]},
								"south": {"uv": [22, 36], "uv_size": [1, 1]},
								"west": {"uv": [36, 24], "uv_size": [1, 1]},
								"up": {"uv": [36, 26], "uv_size": [1, 1]},
								"down": {"uv": [36, 29], "uv_size": [1, -1]}
							}
						},
						{
							"origin": [0.49319, 1.37972, 4],
							"size": [0.06, 0.46, 0.1],
							"pivot": [0.00319, 1.60974, 4],
							"rotation": [0, 0, 45],
							"uv": {
								"north": {"uv": [36, 12], "uv_size": [1, 1]},
								"east": {"uv": [36, 14], "uv_size": [1, 1]},
								"south": {"uv": [16, 36], "uv_size": [1, 1]},
								"west": {"uv": [36, 16], "uv_size": [1, 1]},
								"up": {"uv": [18, 36], "uv_size": [1, 1]},
								"down": {"uv": [36, 19], "uv_size": [1, -1]}
							}
						},
						{
							"origin": [0.49166, 1.38344, 4],
							"size": [0.06309, 0.45255, 0.1],
							"pivot": [0.00319, 1.60974, 4],
							"rotation": [0, 0, 90],
							"uv": {
								"north": {"uv": [26, 35], "uv_size": [1, 1]},
								"east": {"uv": [28, 35], "uv_size": [1, 1]},
								"south": {"uv": [35, 34], "uv_size": [1, 1]},
								"west": {"uv": [6, 36], "uv_size": [1, 1]},
								"up": {"uv": [36, 8], "uv_size": [1, 1]},
								"down": {"uv": [36, 11], "uv_size": [1, -1]}
							}
						},
						{
							"origin": [0.49164, 1.38344, 4],
							"size": [0.06309, 0.45255, 0.1],
							"uv": {
								"north": {"uv": [8, 35], "uv_size": [1, 1]},
								"east": {"uv": [10, 35], "uv_size": [1, 1]},
								"south": {"uv": [12, 35], "uv_size": [1, 1]},
								"west": {"uv": [14, 35], "uv_size": [1, 1]},
								"up": {"uv": [35, 22], "uv_size": [1, 1]},
								"down": {"uv": [24, 36], "uv_size": [1, -1]}
							}
						},
						{
							"origin": [0.50165, 1.34346, 3.8],
							"size": [0.15309, 0.53255, 0.2],
							"pivot": [0.00319, 1.60974, 4],
							"rotation": [0, 0, -90],
							"uv": {
								"north": {"uv": [21, 32], "uv_size": [1, 1]},
								"east": {"uv": [23, 32], "uv_size": [1, 1]},
								"south": {"uv": [32, 24], "uv_size": [1, 1]},
								"west": {"uv": [32, 26], "uv_size": [1, 1]},
								"up": {"uv": [32, 28], "uv_size": [1, 1]},
								"down": {"uv": [32, 31], "uv_size": [1, -1]}
							}
						},
						{
							"origin": [0.50165, 1.34346, 3.8],
							"size": [0.15309, 0.53255, 0.2],
							"pivot": [0.00319, 1.60974, 4],
							"rotation": [0, 0, -180],
							"uv": {
								"north": {"uv": [32, 32], "uv_size": [1, 1]},
								"east": {"uv": [0, 33], "uv_size": [1, 1]},
								"south": {"uv": [33, 0], "uv_size": [1, 1]},
								"west": {"uv": [2, 33], "uv_size": [1, 1]},
								"up": {"uv": [33, 2], "uv_size": [1, 1]},
								"down": {"uv": [4, 34], "uv_size": [1, -1]}
							}
						},
						{
							"origin": [0.5042, 1.33731, 3.8],
							"size": [0.14799, 0.54485, 0.2],
							"pivot": [0.00319, 1.60974, 4],
							"rotation": [0, 0, -135],
							"uv": {
								"north": {"uv": [33, 4], "uv_size": [1, 1]},
								"east": {"uv": [33, 6], "uv_size": [1, 1]},
								"south": {"uv": [8, 33], "uv_size": [1, 1]},
								"west": {"uv": [10, 33], "uv_size": [1, 1]},
								"up": {"uv": [12, 33], "uv_size": [1, 1]},
								"down": {"uv": [14, 34], "uv_size": [1, -1]}
							}
						},
						{
							"origin": [0.5042, 1.33731, 3.8],
							"size": [0.14799, 0.54485, 0.2],
							"pivot": [0.00319, 1.60974, 4],
							"rotation": [0, 0, 135],
							"uv": {
								"north": {"uv": [33, 22], "uv_size": [1, 1]},
								"east": {"uv": [25, 33], "uv_size": [1, 1]},
								"south": {"uv": [27, 33], "uv_size": [1, 1]},
								"west": {"uv": [29, 33], "uv_size": [1, 1]},
								"up": {"uv": [6, 34], "uv_size": [1, 1]},
								"down": {"uv": [34, 9], "uv_size": [1, -1]}
							}
						},
						{
							"origin": [0.50165, 1.34346, 3.8],
							"size": [0.15309, 0.53255, 0.2],
							"pivot": [0.00319, 1.60974, 4],
							"rotation": [0, 0, 90],
							"uv": {
								"north": {"uv": [24, 37], "uv_size": [1, 1]},
								"east": {"uv": [26, 37], "uv_size": [1, 1]},
								"south": {"uv": [28, 37], "uv_size": [1, 1]},
								"west": {"uv": [37, 34], "uv_size": [1, 1]},
								"up": {"uv": [6, 38], "uv_size": [1, 1]},
								"down": {"uv": [38, 9], "uv_size": [1, -1]}
							}
						},
						{
							"origin": [0.50165, 1.34346, 3.8],
							"size": [0.15309, 0.53255, 0.2],
							"uv": {
								"north": {"uv": [37, 6], "uv_size": [1, 1]},
								"east": {"uv": [8, 37], "uv_size": [1, 1]},
								"south": {"uv": [10, 37], "uv_size": [1, 1]},
								"west": {"uv": [12, 37], "uv_size": [1, 1]},
								"up": {"uv": [14, 37], "uv_size": [1, 1]},
								"down": {"uv": [37, 23], "uv_size": [1, -1]}
							}
						},
						{
							"origin": [0.5042, 1.33731, 3.8],
							"size": [0.14799, 0.54485, 0.2],
							"pivot": [0.00319, 1.60974, 4],
							"rotation": [0, 0, 45],
							"uv": {
								"north": {"uv": [0, 37], "uv_size": [1, 1]},
								"east": {"uv": [37, 0], "uv_size": [1, 1]},
								"south": {"uv": [2, 37], "uv_size": [1, 1]},
								"west": {"uv": [37, 2], "uv_size": [1, 1]},
								"up": {"uv": [4, 37], "uv_size": [1, 1]},
								"down": {"uv": [37, 5], "uv_size": [1, -1]}
							}
						},
						{
							"origin": [0.5042, 1.33731, 3.8],
							"size": [0.14799, 0.54485, 0.2],
							"pivot": [0.00319, 1.60974, 4],
							"rotation": [0, 0, -45],
							"uv": {
								"north": {"uv": [30, 36], "uv_size": [1, 1]},
								"east": {"uv": [36, 30], "uv_size": [1, 1]},
								"south": {"uv": [32, 36], "uv_size": [1, 1]},
								"west": {"uv": [36, 32], "uv_size": [1, 1]},
								"up": {"uv": [34, 36], "uv_size": [1, 1]},
								"down": {"uv": [36, 37], "uv_size": [1, -1]}
							}
						}
					]
				},
				{
					"name": "ocular",
					"pivot": [0, 1.6097, 3.93],
					"cubes": [
						{
							"origin": [-0.50335, 1.19847, 3.9],
							"size": [1.00309, 0.82255, 0.06],
							"pivot": [0, 1.60975, 3.93],
							"rotation": [0, 0, -90],
							"uv": {
								"north": {"uv": [38, 10], "uv_size": [1, 1]},
								"east": {"uv": [38, 12], "uv_size": [1, 1]},
								"south": {"uv": [38, 14], "uv_size": [1, 1]},
								"west": {"uv": [16, 38], "uv_size": [1, 1]},
								"up": {"uv": [38, 16], "uv_size": [1, 1]},
								"down": {"uv": [18, 39], "uv_size": [1, -1]}
							}
						},
						{
							"origin": [-0.20835, 1.20346, 3.9],
							"size": [0.62309, 0.10255, 0.06],
							"pivot": [0.10319, 1.60974, 3.9],
							"rotation": [0, 0, -90],
							"uv": {
								"north": {"uv": [38, 18], "uv_size": [1, 1]},
								"east": {"uv": [20, 38], "uv_size": [1, 1]},
								"south": {"uv": [38, 20], "uv_size": [1, 1]},
								"west": {"uv": [22, 38], "uv_size": [1, 1]},
								"up": {"uv": [38, 24], "uv_size": [1, 1]},
								"down": {"uv": [38, 27], "uv_size": [1, -1]}
							}
						},
						{
							"origin": [-1.12835, 1.20346, 3.9],
							"size": [0.62309, 0.10255, 0.06],
							"pivot": [-0.81681, 1.60974, 3.9],
							"rotation": [0, 0, -90],
							"uv": {
								"north": {"uv": [38, 28], "uv_size": [1, 1]},
								"east": {"uv": [30, 38], "uv_size": [1, 1]},
								"south": {"uv": [38, 30], "uv_size": [1, 1]},
								"west": {"uv": [32, 38], "uv_size": [1, 1]},
								"up": {"uv": [38, 32], "uv_size": [1, 1]},
								"down": {"uv": [34, 39], "uv_size": [1, -1]}
							}
						}
					]
				},
				{
					"name": "scope_view",
					"pivot": [0, 1.60973, 6.3]
				}
			]
		}
	]
}