{
  "ammo": "bggp:40x365r",
  "ammo_amount": 8,
  "extended_mag_ammo_amount": [
    8,
    8,
    8
  ],
  "bolt": "open_bolt",
  "rpm": 140,
  "bullet": {
    "life": 1.1,
    "bullet_amount": 1,
    "damage": 280,
    "tracer_count_interval": 0,
    "extra_damage": {
      "armor_ignore": 0.9,
      "head_shot_multiplier": 3,
      "damage_adjust": [
        {"distance": 100, "damage": 280},
        {"distance": 150, "damage": 275},
        {"distance": "infinite", "damage": 270}
      ]
    },
    "speed": 1000,
    "gravity": 0.098,
    "knockback": 0,
    "friction": 0.01,
    "ignite": false,
    "pierce": 20,
    "explosion": {
      "explode": false,
      "damage": 120,
      "radius": 1.5,
      "knockback": true,
      "destroy_block": false,
      "delay": 1
    }
  },
  "reload": {
    "type": "magazine",
    "feed": {
      "empty": 5.1,
      "tactical": 2.88
    },
    "cooldown": {
      "empty": 8.7,
      "tactical": 6.4
    }
  },
  "draw_time": 2.75,
  "put_away_time": 2.46,
  "aim_time": 0.4,
  "sprint_time": 0.75,
  "weight": 30.1, 
  "movement_speed": {
    "base": 0.0,
    "aim": -0.6,
    "reload": -0.8
  },
  "crawl_recoil_multiplier": 0.5,
  "fire_mode": [
    "semi",
    "auto"
  ],
  "burst_data": {
    "continuous_shoot": false,
    "count": 2,
    "bpm": 550,
    "min_interval": 0.4
  },
  "recoil": {
    "pitch": [
      {"time": 0, "value": [5, 5]},
      {"time": 0.4, "value": [5, 5]},
      {"time": 0.8, "value": [-1.0, -1.0]},
      {"time": 1.2, "value": [0.6, 0.6]},
      {"time": 1.4, "value": [0, 0]},
      {"time": 1.6, "value": [0, 0]}
    ],
    "yaw": [
      {"time": 0, "value": [-4, -4]},
      {"time": 0.4, "value": [-4, -4]},
      {"time": 0.8, "value": [-0.6, -0.6]},
      {"time": 1.2, "value": [0, 0]},
      {"time": 1.6, "value": [0, 0]}
    ]
  },
  "inaccuracy": {
    "stand": 9,
    "move": 12.5,
    "sneak": 7.5,
    "lie": 6,
    "aim": 0.025
  },
  "allow_attachment_types": [
    "scope",
    "extended_mag"
  ]
}