{
  "materials": [
    {
      "item": {
        "tag": "forge:gems/diamond"
      },
      "count": 32
    },
    {
      "item": {
        "tag": "forge:ingots/netherite"
      },
      "count": 16
    },
    {
      "item": {
        "tag": "forge:rods/blaze"
      },
      "count": 256
    },
    {
      "item": {
        "tag": "forge:gunpowder"
      },
      "count": 32
    },
    {
      "item": {
        "tag": "forge:ingots/copper"
      },
      "count": 128
    }
  ],
  "result": {
    "type": "attachment",
    "id": "bggp:heat"
  },
  "type": "tacz:gun_smith_table_crafting"
}