{
  "materials": [
    {
      "item": {
        "type": "forge:partial_nbt",
        "item": "tacz:modern_kinetic_gun",
        "nbt": {
          "GunId": "bggp:ch120_26_man"
        }
      },
      "count": 1
    },
    {
      "item": {
        "tag": "forge:ingots/iron"
      },
      "count": 360
    },
    {
      "item": {
        "tag": "forge:ingots/gold"
      },
      "count": 32
    },
    {
      "item": {
        "tag": "forge:gems/diamond"
      },
      "count": 8
    },
    {
      "item": {
        "tag": "forge:ingots/netherite"
      },
      "count": 4
    },
    {
      "item": {
        "tag": "forge:rods/blaze"
      },
      "count": 16
    }
  ],
  "result": {
    "type": "gun",
    "id": "bggp:ch120_26"
  },
  "type": "tacz:gun_smith_table_crafting"
}