{
  "materials": [
    {
      "item": {
        "type": "forge:partial_nbt",
        "item": "tacz:modern_kinetic_gun",
        "nbt": {
          "GunId": "bggp:m101"
        }
      },
      "count": 6
    },
    {
      "item": {
        "tag": "forge:ingots/iron"
      },
      "count": 245
    },
    {
      "item": {
        "tag": "forge:ingots/gold"
      },
      "count": 64
    },
    {
      "item": {
        "tag": "forge:gems/diamond"
      },
      "count": 80
    },
    {
      "item": {
        "tag": "forge:gems/amethyst"
      },
      "count": 8
    },
    {
      "item": {
        "tag": "forge:gems/emerald"
      },
      "count": 512
    },
    {
      "item": {
        "tag": "forge:leather"
      },
      "count": 128
    },
    {
      "item": {
        "tag": "forge:string"
      },
      "count": 256
    },
    {
      "item": {
        "tag": "forge:dyes/green"
      },
      "count": 64
    }
  ],
  "result": {
    "type": "gun",
    "id": "bggp:m101_art"
  },
  "type": "tacz:gun_smith_table_crafting"
}