{
	"format_version": "1.12.0",
	"minecraft:geometry": [
		{
			"description": {
				"identifier": "geometry.unknown",
				"texture_width": 64,
				"texture_height": 64,
				"visible_bounds_width": 21,
				"visible_bounds_height": 17,
				"visible_bounds_offset": [0, 2.5, 0]
			},
			"bones": [
				{
					"name": "root",
					"pivot": [0, 8, 5]
				},
				{
					"name": "mag_and_lh",
					"parent": "root",
					"pivot": [0, 5, 3]
				},
				{
					"name": "lefthand",
					"parent": "mag_and_lh",
					"pivot": [-6, 19, 0]
				},
				{
					"name": "lefthand_pos",
					"parent": "lefthand",
					"pivot": [0, 8, 0],
					"cubes": [
						{
							"origin": [-8, 8, -2],
							"size": [4, 12, 4],
							"uv": {
								"north": {"uv": [0, 0], "uv_size": [4, 12]},
								"east": {"uv": [4, 0], "uv_size": [4, 12]},
								"south": {"uv": [8, 0], "uv_size": [4, 12]},
								"west": {"uv": [0, 12], "uv_size": [4, 12]},
								"up": {"uv": [3, 24], "uv_size": [4, 4]},
								"down": {"uv": [7, 28], "uv_size": [4, -4]}
							}
						}
					]
				},
				{
					"name": "mag_and_bullet",
					"parent": "mag_and_lh",
					"pivot": [0, 13, 3]
				},
				{
					"name": "magazine",
					"parent": "mag_and_bullet",
					"pivot": [0, 8.3, 3.2]
				},
				{
					"name": "mag_standard",
					"parent": "magazine",
					"pivot": [0, 8.3, 3.2],
					"cubes": [
						{
							"origin": [-0.08, 8.1, 3.3],
							"size": [0.16, 0.4, 0.3],
							"uv": {
								"north": {"uv": [21, 17], "uv_size": [0.5, 0.5]},
								"east": {"uv": [18, 21], "uv_size": [0.5, 0.5]},
								"south": {"uv": [21, 18], "uv_size": [0.5, 0.5]},
								"west": {"uv": [19, 21], "uv_size": [0.5, 0.5]},
								"up": {"uv": [21, 19], "uv_size": [0.5, 0.5]},
								"down": {"uv": [20, 21.5], "uv_size": [0.5, -0.5]}
							}
						},
						{
							"origin": [-0.08, 8.1, 3.3],
							"size": [0.16, 0.4, 0.3],
							"pivot": [0, 8.3, 2.8],
							"rotation": [0, 0, -90],
							"uv": {
								"north": {"uv": [21, 20], "uv_size": [0.5, 0.5]},
								"east": {"uv": [21, 21], "uv_size": [0.5, 0.5]},
								"south": {"uv": [16, 22], "uv_size": [0.5, 0.5]},
								"west": {"uv": [22, 16], "uv_size": [0.5, 0.5]},
								"up": {"uv": [17, 22], "uv_size": [0.5, 0.5]},
								"down": {"uv": [22, 17.5], "uv_size": [0.5, -0.5]}
							}
						},
						{
							"origin": [-0.08485, 8.10201, 3.3],
							"size": [0.16971, 0.39598, 0.3],
							"pivot": [0, 8.3, 2.8],
							"rotation": [0, 0, -45],
							"uv": {
								"north": {"uv": [18, 22], "uv_size": [0.5, 0.5]},
								"east": {"uv": [22, 18], "uv_size": [0.5, 0.5]},
								"south": {"uv": [19, 22], "uv_size": [0.5, 0.5]},
								"west": {"uv": [22, 19], "uv_size": [0.5, 0.5]},
								"up": {"uv": [20, 22], "uv_size": [0.5, 0.5]},
								"down": {"uv": [22, 20.5], "uv_size": [0.5, -0.5]}
							}
						},
						{
							"origin": [-0.08485, 8.10201, 3.3],
							"size": [0.16971, 0.39598, 0.3],
							"pivot": [0, 8.3, 2.8],
							"rotation": [0, 0, -135],
							"uv": {
								"north": {"uv": [21, 22], "uv_size": [0.5, 0.5]},
								"east": {"uv": [22, 21], "uv_size": [0.5, 0.5]},
								"south": {"uv": [22, 22], "uv_size": [0.5, 0.5]},
								"west": {"uv": [23, 0], "uv_size": [0.5, 0.5]},
								"up": {"uv": [23, 1], "uv_size": [0.5, 0.5]},
								"down": {"uv": [16, 23.5], "uv_size": [0.5, -0.5]}
							}
						},
						{
							"origin": [-0.04, 8.26, 1.7],
							"size": [0.08, 0.08, 0.9],
							"uv": {
								"north": {"uv": [18, 20], "uv_size": [0.5, 0.5]},
								"east": {"uv": [16, 16], "uv_size": [1, 0.5]},
								"south": {"uv": [20, 18], "uv_size": [0.5, 0.5]},
								"west": {"uv": [16, 17], "uv_size": [1, 0.5]},
								"up": {"uv": [17, 16], "uv_size": [0.5, 1]},
								"down": {"uv": [17, 18], "uv_size": [0.5, -1]}
							}
						},
						{
							"origin": [-0.1, 8.2, 2.6],
							"size": [0.2, 0.2, 1.3],
							"uv": {
								"north": {"uv": [19, 20], "uv_size": [0.5, 0.5]},
								"east": {"uv": [20, 19], "uv_size": [0.5, 0.5]},
								"south": {"uv": [20, 20], "uv_size": [0.5, 0.5]},
								"west": {"uv": [16, 21], "uv_size": [0.5, 0.5]},
								"up": {"uv": [21, 16], "uv_size": [0.5, 0.5]},
								"down": {"uv": [17, 21.5], "uv_size": [0.5, -0.5]}
							}
						}
					]
				},
				{
					"name": "gun_and_rh",
					"parent": "root",
					"pivot": [0, 8, 5]
				},
				{
					"name": "righthand",
					"parent": "gun_and_rh",
					"pivot": [6, 19, 0]
				},
				{
					"name": "righthand_pos",
					"parent": "righthand",
					"pivot": [0, 8, 0],
					"cubes": [
						{
							"origin": [4, 8, -2],
							"size": [4, 12, 4],
							"uv": {
								"north": {"uv": [12, 0], "uv_size": [4, 12]},
								"east": {"uv": [4, 12], "uv_size": [4, 12]},
								"south": {"uv": [8, 12], "uv_size": [4, 12]},
								"west": {"uv": [12, 12], "uv_size": [4, 12]},
								"up": {"uv": [11, 24], "uv_size": [4, 4]},
								"down": {"uv": [15, 28], "uv_size": [4, -4]}
							}
						}
					]
				},
				{
					"name": "blowgun",
					"parent": "gun_and_rh",
					"pivot": [0, 0, 0]
				},
				{
					"name": "constraint",
					"parent": "blowgun",
					"pivot": [0, 12.275, -7]
				},
				{
					"name": "additional_magazine",
					"parent": "blowgun",
					"pivot": [0, 5, 3]
				},
				{
					"name": "default_gun",
					"parent": "blowgun",
					"pivot": [0, 8, 0],
					"cubes": [
						{
							"origin": [-0.13, 8.5, -19],
							"size": [0.26, 0.1, 23],
							"uv": {
								"north": {"uv": [17, 20], "uv_size": [0.5, 0.5]},
								"east": {"uv": [14, 14], "uv_size": [23, 0.5]},
								"south": {"uv": [20, 17], "uv_size": [0.5, 0.5]},
								"west": {"uv": [14, 15], "uv_size": [23, 0.5]},
								"up": {"uv": [14, 16], "uv_size": [0.5, 23]},
								"down": {"uv": [15, 39], "uv_size": [0.5, -23]}
							}
						},
						{
							"origin": [-0.12021, 8.49594, -19],
							"size": [0.24042, 0.10811, 23],
							"pivot": [0, 8.3, 2.5],
							"rotation": [0, 0, 45],
							"uv": {
								"north": {"uv": [16, 20], "uv_size": [0.5, 0.5]},
								"east": {"uv": [12, 12], "uv_size": [23, 0.5]},
								"south": {"uv": [20, 16], "uv_size": [0.5, 0.5]},
								"west": {"uv": [12, 13], "uv_size": [23, 0.5]},
								"up": {"uv": [12, 14], "uv_size": [0.5, 23]},
								"down": {"uv": [13, 37], "uv_size": [0.5, -23]}
							}
						},
						{
							"origin": [-0.12021, 8.49594, -19],
							"size": [0.24042, 0.10811, 23],
							"pivot": [0, 8.3, 2.5],
							"rotation": [0, 0, 135],
							"uv": {
								"north": {"uv": [19, 18], "uv_size": [0.5, 0.5]},
								"east": {"uv": [10, 10], "uv_size": [23, 0.5]},
								"south": {"uv": [19, 19], "uv_size": [0.5, 0.5]},
								"west": {"uv": [10, 11], "uv_size": [23, 0.5]},
								"up": {"uv": [10, 12], "uv_size": [0.5, 23]},
								"down": {"uv": [11, 35], "uv_size": [0.5, -23]}
							}
						},
						{
							"origin": [-0.13, 8.5, -19],
							"size": [0.26, 0.1, 23],
							"pivot": [0, 8.3, 2.5],
							"rotation": [0, 0, 90],
							"uv": {
								"north": {"uv": [19, 17], "uv_size": [0.5, 0.5]},
								"east": {"uv": [8, 8], "uv_size": [23, 0.5]},
								"south": {"uv": [18, 19], "uv_size": [0.5, 0.5]},
								"west": {"uv": [8, 9], "uv_size": [23, 0.5]},
								"up": {"uv": [8, 10], "uv_size": [0.5, 23]},
								"down": {"uv": [9, 33], "uv_size": [0.5, -23]}
							}
						},
						{
							"origin": [-0.21839, 8.33839, -19],
							"size": [0.26, 0.1, 23],
							"pivot": [-0.125, 8.26339, 2.5],
							"rotation": [0, 0, -90],
							"uv": {
								"north": {"uv": [19, 16], "uv_size": [0.5, 0.5]},
								"east": {"uv": [6, 6], "uv_size": [23, 0.5]},
								"south": {"uv": [17, 19], "uv_size": [0.5, 0.5]},
								"west": {"uv": [6, 7], "uv_size": [23, 0.5]},
								"up": {"uv": [6, 8], "uv_size": [0.5, 23]},
								"down": {"uv": [7, 31], "uv_size": [0.5, -23]}
							}
						},
						{
							"origin": [-0.30771, 8.34506, -19],
							"size": [0.24042, 0.10811, 23],
							"pivot": [-0.125, 8.26339, 2.5],
							"rotation": [0, 0, -135],
							"uv": {
								"north": {"uv": [18, 18], "uv_size": [0.5, 0.5]},
								"east": {"uv": [4, 4], "uv_size": [23, 0.5]},
								"south": {"uv": [16, 19], "uv_size": [0.5, 0.5]},
								"west": {"uv": [4, 5], "uv_size": [23, 0.5]},
								"up": {"uv": [4, 6], "uv_size": [0.5, 23]},
								"down": {"uv": [5, 29], "uv_size": [0.5, -23]}
							}
						},
						{
							"origin": [-0.13093, 8.39683, -19],
							"size": [0.24042, 0.10811, 23],
							"pivot": [-0.125, 8.26339, 2.5],
							"rotation": [0, 0, -45],
							"uv": {
								"north": {"uv": [17, 18], "uv_size": [0.5, 0.5]},
								"east": {"uv": [2, 2], "uv_size": [23, 0.5]},
								"south": {"uv": [18, 17], "uv_size": [0.5, 0.5]},
								"west": {"uv": [2, 3], "uv_size": [23, 0.5]},
								"up": {"uv": [2, 4], "uv_size": [0.5, 23]},
								"down": {"uv": [3, 27], "uv_size": [0.5, -23]}
							}
						},
						{
							"origin": [-0.38, 8.42678, -19],
							"size": [0.26, 0.1, 23],
							"pivot": [-0.125, 8.26339, 2.5],
							"rotation": [0, 0, 180],
							"uv": {
								"north": {"uv": [16, 18], "uv_size": [0.5, 0.5]},
								"east": {"uv": [0, 0], "uv_size": [23, 0.5]},
								"south": {"uv": [18, 16], "uv_size": [0.5, 0.5]},
								"west": {"uv": [0, 1], "uv_size": [23, 0.5]},
								"up": {"uv": [0, 2], "uv_size": [0.5, 23]},
								"down": {"uv": [1, 25], "uv_size": [0.5, -23]}
							}
						}
					]
				},
				{
					"name": "positioning2",
					"parent": "blowgun",
					"pivot": [0, 0, 1]
				},
				{
					"name": "shell",
					"parent": "positioning2",
					"pivot": [0.02, 8.3, 3.84]
				},
				{
					"name": "muzzle_flash",
					"parent": "positioning2",
					"pivot": [0, 8.31, -19.12]
				},
				{
					"name": "muzzle_pos",
					"parent": "positioning2",
					"pivot": [0, 8.3, -18.89]
				},
				{
					"name": "laser_pos",
					"parent": "positioning2",
					"pivot": [0.4, 8.3, -13.5]
				},
				{
					"name": "scope_pos",
					"parent": "positioning2",
					"pivot": [0, 10.11, -1.9]
				},
				{
					"name": "stock_pos",
					"parent": "positioning2",
					"pivot": [0, 5.45, 4.15]
				},
				{
					"name": "grip_pos",
					"parent": "positioning2",
					"pivot": [0, 7.82, -12.5]
				},
				{
					"name": "camera",
					"pivot": [0, 0, 0]
				},
				{
					"name": "positioning",
					"pivot": [0, 4, 4]
				},
				{
					"name": "ground",
					"parent": "positioning",
					"pivot": [0, 6.4, -8]
				},
				{
					"name": "thirdperson_hand",
					"parent": "positioning",
					"pivot": [0, 8.3, -1.4]
				},
				{
					"name": "fixed",
					"parent": "positioning",
					"pivot": [0, 8.3, -7.2],
					"rotation": [0, 90, 0]
				},
				{
					"name": "view",
					"pivot": [0, 4, 5]
				},
				{
					"name": "idle_view",
					"parent": "view",
					"pivot": [-0.01, 11.21, 6.12]
				},
				{
					"name": "iron_view",
					"parent": "view",
					"pivot": [-0.01, 10.21, 4.12]
				},
				{
					"name": "refit_view",
					"parent": "view",
					"pivot": [17.44, 9, -8],
					"rotation": [0, 90, 0]
				},
				{
					"name": "refit_muzzle_view",
					"parent": "view",
					"pivot": [7.16, 8.91, -8.53],
					"rotation": [0, 90, 0]
				},
				{
					"name": "refit_stock_view",
					"parent": "view",
					"pivot": [6.52, 3.89, 9.36],
					"rotation": [0, 90, 0]
				},
				{
					"name": "refit_scope_view",
					"parent": "view",
					"pivot": [2.7, 9.86, 4.16],
					"rotation": [0, 45, 0]
				},
				{
					"name": "refit_extended_mag_view",
					"parent": "view",
					"pivot": [3.41, 8.5, 7.52],
					"rotation": [0, 45, 0]
				},
				{
					"name": "refit_laser_view",
					"parent": "view",
					"pivot": [6.34, 8.28, -12.37]
				},
				{
					"name": "refit_grip_view",
					"parent": "view",
					"pivot": [6.45, 5.2, -12.03],
					"rotation": [0, 90, 0]
				}
			]
		}
	]
}