{
	"format_version": "1.12.0",
	"minecraft:geometry": [
		{
			"description": {
				"identifier": "geometry.unknown",
				"texture_width": 64,
				"texture_height": 64,
				"visible_bounds_width": 21,
				"visible_bounds_height": 17,
				"visible_bounds_offset": [0, 2.5, 0]
			},
			"bones": [
				{
					"name": "root",
					"pivot": [0, 8, 5]
				},
				{
					"name": "mag_and_lh",
					"parent": "root",
					"pivot": [0, 8, 0]
				},
				{
					"name": "lefthand",
					"parent": "mag_and_lh",
					"pivot": [-6, 19, 0]
				},
				{
					"name": "lefthand_pos",
					"parent": "lefthand",
					"pivot": [0, 8, 0],
					"cubes": [
						{
							"origin": [-8, 8, -2],
							"size": [4, 12, 4],
							"uv": {
								"north": {"uv": [0, 0], "uv_size": [4, 12]},
								"east": {"uv": [4, 0], "uv_size": [4, 12]},
								"south": {"uv": [8, 0], "uv_size": [4, 12]},
								"west": {"uv": [0, 12], "uv_size": [4, 12]},
								"up": {"uv": [3, 24], "uv_size": [4, 4]},
								"down": {"uv": [7, 28], "uv_size": [4, -4]}
							}
						}
					]
				},
				{
					"name": "radio",
					"parent": "mag_and_lh",
					"pivot": [0.42968, 11.96075, 0.63388],
					"cubes": [
						{
							"origin": [-2, 0, -1],
							"size": [4, 4, 2],
							"uv": {
								"north": {"uv": [5, 0], "uv_size": [4, 4]},
								"east": {"uv": [14, 0], "uv_size": [2, 4]},
								"south": {"uv": [5, 4], "uv_size": [4, 4]},
								"west": {"uv": [8, 15], "uv_size": [2, 4]},
								"up": {"uv": [14, 4], "uv_size": [4, 2]},
								"down": {"uv": [10, 17], "uv_size": [4, -2]}
							}
						},
						{
							"origin": [-2.1, 4, -1.1],
							"size": [4.2, 4.8, 2.2],
							"uv": {
								"north": {"uv": [0, 0], "uv_size": [4.25, 4.75]},
								"east": {"uv": [10, 7], "uv_size": [2.25, 4.75]},
								"south": {"uv": [0, 5], "uv_size": [4.25, 4.75]},
								"west": {"uv": [5, 12], "uv_size": [2.25, 4.75]},
								"up": {"uv": [8, 12], "uv_size": [4.25, 2.25]},
								"down": {"uv": [0, 15.25], "uv_size": [4.25, -2.25]}
							}
						},
						{
							"origin": [-2.1, 8.8, -1.1],
							"size": [4.2, 3.3, 2],
							"uv": {
								"north": {"uv": [5, 8], "uv_size": [4.25, 3.25]},
								"east": {"uv": [14, 15], "uv_size": [2, 3.25]},
								"south": {"uv": [9, 0], "uv_size": [4.25, 3.25]},
								"west": {"uv": [0, 16], "uv_size": [2, 3.25]},
								"up": {"uv": [13, 11], "uv_size": [4.25, 2]},
								"down": {"uv": [13, 15], "uv_size": [4.25, -2]}
							}
						},
						{
							"origin": [2.1, 7.9, -0.6],
							"size": [0.1, 3.4, 1.3],
							"uv": {
								"north": {"uv": [2, 23], "uv_size": [0.25, 3.5]},
								"east": {"uv": [16, 15], "uv_size": [1.25, 3.5]},
								"south": {"uv": [3, 23], "uv_size": [0.25, 3.5]},
								"west": {"uv": [5, 17], "uv_size": [1.25, 3.5]},
								"up": {"uv": [30, 3], "uv_size": [0.25, 1.25]},
								"down": {"uv": [5, 31.25], "uv_size": [0.25, -1.25]}
							}
						},
						{
							"origin": [2.2, 10, -0.3],
							"size": [0.05, 0.6, 0.7],
							"uv": {
								"north": {"uv": [0, 32], "uv_size": [0.25, 0.5]},
								"east": {"uv": [29, 6], "uv_size": [0.75, 0.5]},
								"south": {"uv": [32, 0], "uv_size": [0.25, 0.5]},
								"west": {"uv": [7, 29], "uv_size": [0.75, 0.5]},
								"up": {"uv": [26, 30], "uv_size": [0.25, 0.75]},
								"down": {"uv": [30, 26.75], "uv_size": [0.25, -0.75]}
							}
						},
						{
							"origin": [2.2, 8.5, -0.3],
							"size": [0.05, 1.3, 0.7],
							"uv": {
								"north": {"uv": [6, 30], "uv_size": [0.25, 1.25]},
								"east": {"uv": [7, 21], "uv_size": [0.75, 1.25]},
								"south": {"uv": [30, 6], "uv_size": [0.25, 1.25]},
								"west": {"uv": [13, 21], "uv_size": [0.75, 1.25]},
								"up": {"uv": [27, 30], "uv_size": [0.25, 0.75]},
								"down": {"uv": [30, 27.75], "uv_size": [0.25, -0.75]}
							}
						},
						{
							"origin": [0.45, 7.5, 1.1],
							"size": [0.65, 0.4, 0.1],
							"uv": {
								"north": {"uv": [6, 30], "uv_size": [0.25, 1.25]},
								"east": {"uv": [7, 21], "uv_size": [0.75, 1.25]},
								"south": {"uv": [30, 6], "uv_size": [0.25, 1.25]},
								"west": {"uv": [13, 21], "uv_size": [0.75, 1.25]},
								"up": {"uv": [27, 30], "uv_size": [0.25, 0.75]},
								"down": {"uv": [30, 27.75], "uv_size": [0.25, -0.75]}
							}
						},
						{
							"origin": [-1.1, 7.5, 1.1],
							"size": [0.65, 0.4, 0.1],
							"uv": {
								"north": {"uv": [6, 30], "uv_size": [0.25, 1.25]},
								"east": {"uv": [7, 21], "uv_size": [0.75, 1.25]},
								"south": {"uv": [30, 6], "uv_size": [0.25, 1.25]},
								"west": {"uv": [13, 21], "uv_size": [0.75, 1.25]},
								"up": {"uv": [27, 30], "uv_size": [0.25, 0.75]},
								"down": {"uv": [30, 27.75], "uv_size": [0.25, -0.75]}
							}
						},
						{
							"origin": [-0.33, 7.5, 1.1],
							"size": [0.65, 0.4, 0.1],
							"uv": {
								"north": {"uv": [6, 30], "uv_size": [0.25, 1.25]},
								"east": {"uv": [7, 21], "uv_size": [0.75, 1.25]},
								"south": {"uv": [30, 6], "uv_size": [0.25, 1.25]},
								"west": {"uv": [13, 21], "uv_size": [0.75, 1.25]},
								"up": {"uv": [27, 30], "uv_size": [0.25, 0.75]},
								"down": {"uv": [30, 27.75], "uv_size": [0.25, -0.75]}
							}
						},
						{
							"origin": [-0.33, 7, 1.1],
							"size": [0.65, 0.4, 0.1],
							"uv": {
								"north": {"uv": [6, 30], "uv_size": [0.25, 1.25]},
								"east": {"uv": [7, 21], "uv_size": [0.75, 1.25]},
								"south": {"uv": [30, 6], "uv_size": [0.25, 1.25]},
								"west": {"uv": [13, 21], "uv_size": [0.75, 1.25]},
								"up": {"uv": [27, 30], "uv_size": [0.25, 0.75]},
								"down": {"uv": [30, 27.75], "uv_size": [0.25, -0.75]}
							}
						},
						{
							"origin": [0.45, 7, 1.1],
							"size": [0.65, 0.4, 0.1],
							"uv": {
								"north": {"uv": [6, 30], "uv_size": [0.25, 1.25]},
								"east": {"uv": [7, 21], "uv_size": [0.75, 1.25]},
								"south": {"uv": [30, 6], "uv_size": [0.25, 1.25]},
								"west": {"uv": [13, 21], "uv_size": [0.75, 1.25]},
								"up": {"uv": [27, 30], "uv_size": [0.25, 0.75]},
								"down": {"uv": [30, 27.75], "uv_size": [0.25, -0.75]}
							}
						},
						{
							"origin": [-1.1, 7, 1.1],
							"size": [0.65, 0.4, 0.1],
							"uv": {
								"north": {"uv": [6, 30], "uv_size": [0.25, 1.25]},
								"east": {"uv": [7, 21], "uv_size": [0.75, 1.25]},
								"south": {"uv": [30, 6], "uv_size": [0.25, 1.25]},
								"west": {"uv": [13, 21], "uv_size": [0.75, 1.25]},
								"up": {"uv": [27, 30], "uv_size": [0.25, 0.75]},
								"down": {"uv": [30, 27.75], "uv_size": [0.25, -0.75]}
							}
						},
						{
							"origin": [-0.33, 6.5, 1.1],
							"size": [0.65, 0.4, 0.1],
							"uv": {
								"north": {"uv": [6, 30], "uv_size": [0.25, 1.25]},
								"east": {"uv": [7, 21], "uv_size": [0.75, 1.25]},
								"south": {"uv": [30, 6], "uv_size": [0.25, 1.25]},
								"west": {"uv": [13, 21], "uv_size": [0.75, 1.25]},
								"up": {"uv": [27, 30], "uv_size": [0.25, 0.75]},
								"down": {"uv": [30, 27.75], "uv_size": [0.25, -0.75]}
							}
						},
						{
							"origin": [0.45, 6.5, 1.1],
							"size": [0.65, 0.4, 0.1],
							"uv": {
								"north": {"uv": [6, 30], "uv_size": [0.25, 1.25]},
								"east": {"uv": [7, 21], "uv_size": [0.75, 1.25]},
								"south": {"uv": [30, 6], "uv_size": [0.25, 1.25]},
								"west": {"uv": [13, 21], "uv_size": [0.75, 1.25]},
								"up": {"uv": [27, 30], "uv_size": [0.25, 0.75]},
								"down": {"uv": [30, 27.75], "uv_size": [0.25, -0.75]}
							}
						},
						{
							"origin": [-1.1, 6.5, 1.1],
							"size": [0.65, 0.4, 0.1],
							"uv": {
								"north": {"uv": [6, 30], "uv_size": [0.25, 1.25]},
								"east": {"uv": [7, 21], "uv_size": [0.75, 1.25]},
								"south": {"uv": [30, 6], "uv_size": [0.25, 1.25]},
								"west": {"uv": [13, 21], "uv_size": [0.75, 1.25]},
								"up": {"uv": [27, 30], "uv_size": [0.25, 0.75]},
								"down": {"uv": [30, 27.75], "uv_size": [0.25, -0.75]}
							}
						},
						{
							"origin": [-0.33, 6, 1.1],
							"size": [0.65, 0.4, 0.1],
							"uv": {
								"north": {"uv": [6, 30], "uv_size": [0.25, 1.25]},
								"east": {"uv": [7, 21], "uv_size": [0.75, 1.25]},
								"south": {"uv": [30, 6], "uv_size": [0.25, 1.25]},
								"west": {"uv": [13, 21], "uv_size": [0.75, 1.25]},
								"up": {"uv": [27, 30], "uv_size": [0.25, 0.75]},
								"down": {"uv": [30, 27.75], "uv_size": [0.25, -0.75]}
							}
						},
						{
							"origin": [0.45, 6, 1.1],
							"size": [0.65, 0.4, 0.1],
							"uv": {
								"north": {"uv": [6, 30], "uv_size": [0.25, 1.25]},
								"east": {"uv": [7, 21], "uv_size": [0.75, 1.25]},
								"south": {"uv": [30, 6], "uv_size": [0.25, 1.25]},
								"west": {"uv": [13, 21], "uv_size": [0.75, 1.25]},
								"up": {"uv": [27, 30], "uv_size": [0.25, 0.75]},
								"down": {"uv": [30, 27.75], "uv_size": [0.25, -0.75]}
							}
						},
						{
							"origin": [-1.1, 6, 1.1],
							"size": [0.65, 0.4, 0.1],
							"uv": {
								"north": {"uv": [6, 30], "uv_size": [0.25, 1.25]},
								"east": {"uv": [7, 21], "uv_size": [0.75, 1.25]},
								"south": {"uv": [30, 6], "uv_size": [0.25, 1.25]},
								"west": {"uv": [13, 21], "uv_size": [0.75, 1.25]},
								"up": {"uv": [27, 30], "uv_size": [0.25, 0.75]},
								"down": {"uv": [30, 27.75], "uv_size": [0.25, -0.75]}
							}
						},
						{
							"origin": [-2.1, 12.1, -1.1],
							"size": [5.1, 1.8, 2.15],
							"uv": {
								"north": {"uv": [13, 7], "uv_size": [5, 1.75]},
								"east": {"uv": [10, 17], "uv_size": [2.25, 1.75]},
								"south": {"uv": [13, 9], "uv_size": [5, 1.75]},
								"west": {"uv": [18, 3], "uv_size": [2.25, 1.75]},
								"up": {"uv": [9, 4], "uv_size": [5, 2.25]},
								"down": {"uv": [0, 12.25], "uv_size": [5, -2.25]}
							}
						},
						{
							"origin": [3, 12.9, -1.1],
							"size": [0.1, 1, 2.2],
							"uv": {
								"north": {"uv": [24, 30], "uv_size": [0.25, 1]},
								"east": {"uv": [19, 0], "uv_size": [2.25, 1]},
								"south": {"uv": [30, 24], "uv_size": [0.25, 1]},
								"west": {"uv": [19, 1], "uv_size": [2.25, 1]},
								"up": {"uv": [28, 7], "uv_size": [0.25, 2.25]},
								"down": {"uv": [10, 30.25], "uv_size": [0.25, -2.25]}
							}
						},
						{
							"origin": [3, 12.1, -0.6],
							"size": [0.1, 0.1, 1.2],
							"uv": {
								"north": {"uv": [35, 19], "uv_size": [0.25, 0.25]},
								"east": {"uv": [30, 10], "uv_size": [1.25, 0.25]},
								"south": {"uv": [20, 35], "uv_size": [0.25, 0.25]},
								"west": {"uv": [11, 30], "uv_size": [1.25, 0.25]},
								"up": {"uv": [30, 11], "uv_size": [0.25, 1.25]},
								"down": {"uv": [13, 31.25], "uv_size": [0.25, -1.25]}
							}
						},
						{
							"origin": [3, 12.1, 0.6],
							"size": [0.1, 0.8, 0.5],
							"uv": {
								"north": {"uv": [28, 30], "uv_size": [0.25, 0.75]},
								"east": {"uv": [29, 7], "uv_size": [0.5, 0.75]},
								"south": {"uv": [30, 28], "uv_size": [0.25, 0.75]},
								"west": {"uv": [8, 29], "uv_size": [0.5, 0.75]},
								"up": {"uv": [14, 32], "uv_size": [0.25, 0.5]},
								"down": {"uv": [32, 14.5], "uv_size": [0.25, -0.5]}
							}
						},
						{
							"origin": [3, 12.1, -1.1],
							"size": [0.1, 0.8, 0.5],
							"uv": {
								"north": {"uv": [29, 30], "uv_size": [0.25, 0.75]},
								"east": {"uv": [29, 8], "uv_size": [0.5, 0.75]},
								"south": {"uv": [30, 29], "uv_size": [0.25, 0.75]},
								"west": {"uv": [9, 29], "uv_size": [0.5, 0.75]},
								"up": {"uv": [15, 32], "uv_size": [0.25, 0.5]},
								"down": {"uv": [32, 15.5], "uv_size": [0.25, -0.5]}
							}
						},
						{
							"origin": [3, 12.3, -0.5],
							"size": [0.1, 0.5, 1],
							"uv": {
								"north": {"uv": [16, 32], "uv_size": [0.25, 0.5]},
								"east": {"uv": [9, 7], "uv_size": [1, 0.5]},
								"south": {"uv": [32, 16], "uv_size": [0.25, 0.5]},
								"west": {"uv": [17, 6], "uv_size": [1, 0.5]},
								"up": {"uv": [25, 30], "uv_size": [0.25, 1]},
								"down": {"uv": [30, 26], "uv_size": [0.25, -1]}
							}
						},
						{
							"origin": [0.8, 13.9, -1.1],
							"size": [0.51965, 0.31392, 2.2],
							"uv": {
								"north": {"uv": [13, 32], "uv_size": [0.5, 0.25]},
								"east": {"uv": [27, 22], "uv_size": [2.25, 0.25]},
								"south": {"uv": [32, 13], "uv_size": [0.5, 0.25]},
								"west": {"uv": [27, 23], "uv_size": [2.25, 0.25]},
								"up": {"uv": [5, 21], "uv_size": [0.5, 2.25]},
								"down": {"uv": [6, 23.25], "uv_size": [0.5, -2.25]}
							}
						},
						{
							"origin": [1.3, 13.77, -1.1],
							"size": [1.80782, 0.34066, 2.2],
							"pivot": [1.9, 14.05, 0],
							"rotation": [0, 0, 10],
							"uv": {
								"north": {"uv": [5, 29], "uv_size": [1.75, 0.25]},
								"east": {"uv": [4, 28], "uv_size": [2.25, 0.25]},
								"south": {"uv": [29, 5], "uv_size": [1.75, 0.25]},
								"west": {"uv": [7, 28], "uv_size": [2.25, 0.25]},
								"up": {"uv": [18, 5], "uv_size": [1.75, 2.25]},
								"down": {"uv": [18, 10.25], "uv_size": [1.75, -2.25]}
							}
						},
						{
							"origin": [-2.1, 13.9, -1.1],
							"size": [0.3, 0.3, 2.2],
							"uv": {
								"north": {"uv": [35, 18], "uv_size": [0.25, 0.25]},
								"east": {"uv": [27, 25], "uv_size": [2.25, 0.25]},
								"south": {"uv": [19, 35], "uv_size": [0.25, 0.25]},
								"west": {"uv": [0, 28], "uv_size": [2.25, 0.25]},
								"up": {"uv": [17, 27], "uv_size": [0.25, 2.25]},
								"down": {"uv": [3, 30.25], "uv_size": [0.25, -2.25]}
							}
						},
						{
							"origin": [-1.22, 13.9, -0.3],
							"size": [0.29, 3.3, 0.7],
							"uv": {
								"north": {"uv": [23, 11], "uv_size": [0.25, 3.25]},
								"east": {"uv": [7, 17], "uv_size": [0.75, 3.25]},
								"south": {"uv": [13, 23], "uv_size": [0.25, 3.25]},
								"west": {"uv": [13, 17], "uv_size": [0.75, 3.25]},
								"up": {"uv": [30, 30], "uv_size": [0.25, 0.75]},
								"down": {"uv": [0, 31.75], "uv_size": [0.25, -0.75]}
							}
						},
						{
							"origin": [-1.22, 13.9, -0.3],
							"size": [0.29, 3.3, 0.7],
							"pivot": [-1.075, 14.05, 0.05],
							"rotation": [0, 90, 0],
							"uv": {
								"north": {"uv": [15, 23], "uv_size": [0.25, 3.25]},
								"east": {"uv": [18, 18], "uv_size": [0.75, 3.25]},
								"south": {"uv": [16, 23], "uv_size": [0.25, 3.25]},
								"west": {"uv": [2, 19], "uv_size": [0.75, 3.25]},
								"up": {"uv": [31, 0], "uv_size": [0.25, 0.75]},
								"down": {"uv": [1, 31.75], "uv_size": [0.25, -0.75]}
							}
						},
						{
							"origin": [-1.21996, 13.9, -0.30002],
							"size": [0.28991, 3.3, 0.70004],
							"pivot": [-1.075, 14.05, 0.05],
							"rotation": [0, 45, 0],
							"uv": {
								"north": {"uv": [17, 23], "uv_size": [0.25, 3.25]},
								"east": {"uv": [3, 19], "uv_size": [0.75, 3.25]},
								"south": {"uv": [19, 23], "uv_size": [0.25, 3.25]},
								"west": {"uv": [4, 19], "uv_size": [0.75, 3.25]},
								"up": {"uv": [31, 1], "uv_size": [0.25, 0.75]},
								"down": {"uv": [2, 31.75], "uv_size": [0.25, -0.75]}
							}
						},
						{
							"origin": [-1.21996, 13.9, -0.30002],
							"size": [0.28991, 3.3, 0.70004],
							"pivot": [-1.075, 14.05, 0.05],
							"rotation": [0, 135, 0],
							"uv": {
								"north": {"uv": [23, 22], "uv_size": [0.25, 3.25]},
								"east": {"uv": [8, 19], "uv_size": [0.75, 3.25]},
								"south": {"uv": [0, 24], "uv_size": [0.25, 3.25]},
								"west": {"uv": [9, 19], "uv_size": [0.75, 3.25]},
								"up": {"uv": [31, 2], "uv_size": [0.25, 0.75]},
								"down": {"uv": [3, 31.75], "uv_size": [0.25, -0.75]}
							}
						},
						{
							"origin": [-1.18, 17.2, -0.2],
							"size": [0.21, 0.7, 0.5],
							"uv": {
								"north": {"uv": [31, 3], "uv_size": [0.25, 0.75]},
								"east": {"uv": [29, 9], "uv_size": [0.5, 0.75]},
								"south": {"uv": [4, 31], "uv_size": [0.25, 0.75]},
								"west": {"uv": [29, 10], "uv_size": [0.5, 0.75]},
								"up": {"uv": [17, 32], "uv_size": [0.25, 0.5]},
								"down": {"uv": [32, 17.5], "uv_size": [0.25, -0.5]}
							}
						},
						{
							"origin": [-1.18, 17.9, -0.05],
							"size": [0.21, 8.7, 0.2],
							"pivot": [-1.075, 18.25, 0.05],
							"rotation": [0, -45, 0],
							"uv": {
								"north": {"uv": [10, 19], "uv_size": [0.25, 8.75]},
								"east": {"uv": [11, 19], "uv_size": [0.25, 8.75]},
								"south": {"uv": [12, 19], "uv_size": [0.25, 8.75]},
								"west": {"uv": [14, 19], "uv_size": [0.25, 8.75]},
								"up": {"uv": [35, 20], "uv_size": [0.25, 0.25]},
								"down": {"uv": [21, 35.25], "uv_size": [0.25, -0.25]}
							}
						},
						{
							"origin": [-1.18, 17.2, -0.2],
							"size": [0.21, 0.7, 0.5],
							"pivot": [-1.075, 17.55, 0.05],
							"rotation": [0, 90, 0],
							"uv": {
								"north": {"uv": [31, 4], "uv_size": [0.25, 0.75]},
								"east": {"uv": [13, 29], "uv_size": [0.5, 0.75]},
								"south": {"uv": [31, 5], "uv_size": [0.25, 0.75]},
								"west": {"uv": [15, 29], "uv_size": [0.5, 0.75]},
								"up": {"uv": [18, 32], "uv_size": [0.25, 0.5]},
								"down": {"uv": [32, 18.5], "uv_size": [0.25, -0.5]}
							}
						},
						{
							"origin": [-1.17753, 17.2, -0.20102],
							"size": [0.20506, 0.7, 0.50205],
							"pivot": [-1.075, 17.55, 0.05],
							"rotation": [0, 45, 0],
							"uv": {
								"north": {"uv": [31, 6], "uv_size": [0.25, 0.75]},
								"east": {"uv": [29, 15], "uv_size": [0.5, 0.75]},
								"south": {"uv": [31, 7], "uv_size": [0.25, 0.75]},
								"west": {"uv": [16, 29], "uv_size": [0.5, 0.75]},
								"up": {"uv": [19, 32], "uv_size": [0.25, 0.5]},
								"down": {"uv": [32, 19.5], "uv_size": [0.25, -0.5]}
							}
						},
						{
							"origin": [-1.17753, 17.2, -0.20102],
							"size": [0.20506, 0.7, 0.50205],
							"pivot": [-1.075, 17.55, 0.05],
							"rotation": [0, 135, 0],
							"uv": {
								"north": {"uv": [31, 8], "uv_size": [0.25, 0.75]},
								"east": {"uv": [29, 16], "uv_size": [0.5, 0.75]},
								"south": {"uv": [31, 9], "uv_size": [0.25, 0.75]},
								"west": {"uv": [29, 17], "uv_size": [0.5, 0.75]},
								"up": {"uv": [20, 32], "uv_size": [0.25, 0.5]},
								"down": {"uv": [32, 20.5], "uv_size": [0.25, -0.5]}
							}
						},
						{
							"origin": [0.08, 13.9, -0.8],
							"size": [0.29, 1.3, 0.7],
							"uv": {
								"north": {"uv": [30, 17], "uv_size": [0.25, 1.25]},
								"east": {"uv": [21, 22], "uv_size": [0.75, 1.25]},
								"south": {"uv": [18, 30], "uv_size": [0.25, 1.25]},
								"west": {"uv": [22, 22], "uv_size": [0.75, 1.25]},
								"up": {"uv": [31, 20], "uv_size": [0.25, 0.75]},
								"down": {"uv": [21, 31.75], "uv_size": [0.25, -0.75]}
							}
						},
						{
							"origin": [0.08, 13.9, -0.8],
							"size": [0.29, 1.3, 0.7],
							"pivot": [0.225, 14.05, -0.45],
							"rotation": [0, 90, 0],
							"uv": {
								"north": {"uv": [16, 30], "uv_size": [0.25, 1.25]},
								"east": {"uv": [18, 22], "uv_size": [0.75, 1.25]},
								"south": {"uv": [17, 30], "uv_size": [0.25, 1.25]},
								"west": {"uv": [20, 22], "uv_size": [0.75, 1.25]},
								"up": {"uv": [31, 19], "uv_size": [0.25, 0.75]},
								"down": {"uv": [20, 31.75], "uv_size": [0.25, -0.75]}
							}
						},
						{
							"origin": [0.08004, 13.9, -0.80002],
							"size": [0.28991, 1.3, 0.70004],
							"pivot": [0.225, 14.05, -0.45],
							"rotation": [0, 45, 0],
							"uv": {
								"north": {"uv": [15, 30], "uv_size": [0.25, 1.25]},
								"east": {"uv": [22, 13], "uv_size": [0.75, 1.25]},
								"south": {"uv": [30, 15], "uv_size": [0.25, 1.25]},
								"west": {"uv": [22, 15], "uv_size": [0.75, 1.25]},
								"up": {"uv": [31, 18], "uv_size": [0.25, 0.75]},
								"down": {"uv": [19, 31.75], "uv_size": [0.25, -0.75]}
							}
						},
						{
							"origin": [0.08004, 13.9, -0.80002],
							"size": [0.28991, 1.3, 0.70004],
							"pivot": [0.225, 14.05, -0.45],
							"rotation": [0, 135, 0],
							"uv": {
								"north": {"uv": [30, 13], "uv_size": [0.25, 1.25]},
								"east": {"uv": [22, 0], "uv_size": [0.75, 1.25]},
								"south": {"uv": [14, 30], "uv_size": [0.25, 1.25]},
								"west": {"uv": [22, 11], "uv_size": [0.75, 1.25]},
								"up": {"uv": [31, 16], "uv_size": [0.25, 0.75]},
								"down": {"uv": [31, 17.75], "uv_size": [0.25, -0.75]}
							}
						},
						{
							"origin": [-0.11996, 13.9, 0.09998],
							"size": [0.28991, 0.5, 0.70004],
							"pivot": [0.025, 14.05, 0.45],
							"rotation": [0, 135, 0],
							"uv": {
								"north": {"uv": [28, 32], "uv_size": [0.25, 0.5]},
								"east": {"uv": [30, 1], "uv_size": [0.75, 0.5]},
								"south": {"uv": [32, 28], "uv_size": [0.25, 0.5]},
								"west": {"uv": [30, 2], "uv_size": [0.75, 0.5]},
								"up": {"uv": [31, 24], "uv_size": [0.25, 0.75]},
								"down": {"uv": [25, 31.75], "uv_size": [0.25, -0.75]}
							}
						},
						{
							"origin": [-0.11996, 13.9, 0.09998],
							"size": [0.28991, 0.5, 0.70004],
							"pivot": [0.025, 14.05, 0.45],
							"rotation": [0, 45, 0],
							"uv": {
								"north": {"uv": [27, 32], "uv_size": [0.25, 0.5]},
								"east": {"uv": [30, 0], "uv_size": [0.75, 0.5]},
								"south": {"uv": [32, 27], "uv_size": [0.25, 0.5]},
								"west": {"uv": [1, 30], "uv_size": [0.75, 0.5]},
								"up": {"uv": [31, 23], "uv_size": [0.25, 0.75]},
								"down": {"uv": [24, 31.75], "uv_size": [0.25, -0.75]}
							}
						},
						{
							"origin": [-0.12, 13.9, 0.1],
							"size": [0.29, 0.5, 0.7],
							"pivot": [0.025, 14.05, 0.45],
							"rotation": [0, 90, 0],
							"uv": {
								"north": {"uv": [26, 32], "uv_size": [0.25, 0.5]},
								"east": {"uv": [29, 29], "uv_size": [0.75, 0.5]},
								"south": {"uv": [32, 26], "uv_size": [0.25, 0.5]},
								"west": {"uv": [0, 30], "uv_size": [0.75, 0.5]},
								"up": {"uv": [31, 22], "uv_size": [0.25, 0.75]},
								"down": {"uv": [23, 31.75], "uv_size": [0.25, -0.75]}
							}
						},
						{
							"origin": [-0.12, 13.9, 0.1],
							"size": [0.29, 0.5, 0.7],
							"uv": {
								"north": {"uv": [25, 32], "uv_size": [0.25, 0.5]},
								"east": {"uv": [27, 29], "uv_size": [0.75, 0.5]},
								"south": {"uv": [32, 25], "uv_size": [0.25, 0.5]},
								"west": {"uv": [28, 29], "uv_size": [0.75, 0.5]},
								"up": {"uv": [31, 21], "uv_size": [0.25, 0.75]},
								"down": {"uv": [22, 31.75], "uv_size": [0.25, -0.75]}
							}
						},
						{
							"origin": [1.88, 13.9, -0.55],
							"size": [0.49, 0.9, 1.2],
							"pivot": [2.125, 14.15, 0.05],
							"rotation": [0, 0, 10],
							"uv": {
								"north": {"uv": [1, 26], "uv_size": [0.5, 1]},
								"east": {"uv": [16, 3], "uv_size": [1.25, 1]},
								"south": {"uv": [5, 26], "uv_size": [0.5, 1]},
								"west": {"uv": [0, 20], "uv_size": [1.25, 1]},
								"up": {"uv": [1, 24], "uv_size": [0.5, 1.25]},
								"down": {"uv": [5, 25.25], "uv_size": [0.5, -1.25]}
							}
						},
						{
							"origin": [1.88, 13.9, -0.55],
							"size": [0.49, 0.9, 1.2],
							"pivot": [2.125, 14.15, 0.05],
							"rotation": [0, 90, 10],
							"uv": {
								"north": {"uv": [6, 26], "uv_size": [0.5, 1]},
								"east": {"uv": [20, 11], "uv_size": [1.25, 1]},
								"south": {"uv": [28, 10], "uv_size": [0.5, 1]},
								"west": {"uv": [20, 12], "uv_size": [1.25, 1]},
								"up": {"uv": [6, 24], "uv_size": [0.5, 1.25]},
								"down": {"uv": [18, 25.25], "uv_size": [0.5, -1.25]}
							}
						},
						{
							"origin": [1.87398, 13.9, -0.54751],
							"size": [0.50205, 0.9, 1.19501],
							"pivot": [2.125, 14.15, 0.05],
							"rotation": [0, 45, 10],
							"uv": {
								"north": {"uv": [28, 21], "uv_size": [0.5, 1]},
								"east": {"uv": [20, 13], "uv_size": [1.25, 1]},
								"south": {"uv": [23, 28], "uv_size": [0.5, 1]},
								"west": {"uv": [20, 14], "uv_size": [1.25, 1]},
								"up": {"uv": [18, 26], "uv_size": [0.5, 1.25]},
								"down": {"uv": [13, 28.25], "uv_size": [0.5, -1.25]}
							}
						},
						{
							"origin": [1.87398, 13.9, -0.54751],
							"size": [0.50205, 0.9, 1.19501],
							"pivot": [2.125, 14.15, 0.05],
							"rotation": [180, 45, -170],
							"uv": {
								"north": {"uv": [24, 28], "uv_size": [0.5, 1]},
								"east": {"uv": [20, 15], "uv_size": [1.25, 1]},
								"south": {"uv": [25, 28], "uv_size": [0.5, 1]},
								"west": {"uv": [20, 16], "uv_size": [1.25, 1]},
								"up": {"uv": [15, 27], "uv_size": [0.5, 1.25]},
								"down": {"uv": [16, 28.25], "uv_size": [0.5, -1.25]}
							}
						},
						{
							"origin": [0.12, 15.2, -0.7],
							"size": [0.21, 0.7, 0.5],
							"uv": {
								"north": {"uv": [31, 14], "uv_size": [0.25, 0.75]},
								"east": {"uv": [26, 29], "uv_size": [0.5, 0.75]},
								"south": {"uv": [31, 15], "uv_size": [0.25, 0.75]},
								"west": {"uv": [29, 26], "uv_size": [0.5, 0.75]},
								"up": {"uv": [24, 32], "uv_size": [0.25, 0.5]},
								"down": {"uv": [32, 24.5], "uv_size": [0.25, -0.5]}
							}
						},
						{
							"origin": [0.12, 15.2, -0.7],
							"size": [0.21, 0.7, 0.5],
							"pivot": [0.225, 15.55, -0.45],
							"rotation": [0, 90, 0],
							"uv": {
								"north": {"uv": [31, 12], "uv_size": [0.25, 0.75]},
								"east": {"uv": [24, 29], "uv_size": [0.5, 0.75]},
								"south": {"uv": [31, 13], "uv_size": [0.25, 0.75]},
								"west": {"uv": [25, 29], "uv_size": [0.5, 0.75]},
								"up": {"uv": [23, 32], "uv_size": [0.25, 0.5]},
								"down": {"uv": [32, 23.5], "uv_size": [0.25, -0.5]}
							}
						},
						{
							"origin": [0.12247, 15.2, -0.70102],
							"size": [0.20506, 0.7, 0.50205],
							"pivot": [0.225, 15.55, -0.45],
							"rotation": [0, 45, 0],
							"uv": {
								"north": {"uv": [31, 11], "uv_size": [0.25, 0.75]},
								"east": {"uv": [29, 21], "uv_size": [0.5, 0.75]},
								"south": {"uv": [12, 31], "uv_size": [0.25, 0.75]},
								"west": {"uv": [23, 29], "uv_size": [0.5, 0.75]},
								"up": {"uv": [22, 32], "uv_size": [0.25, 0.5]},
								"down": {"uv": [32, 22.5], "uv_size": [0.25, -0.5]}
							}
						},
						{
							"origin": [0.12247, 15.2, -0.70102],
							"size": [0.20506, 0.7, 0.50205],
							"pivot": [0.225, 15.55, -0.45],
							"rotation": [0, 135, 0],
							"uv": {
								"north": {"uv": [10, 31], "uv_size": [0.25, 0.75]},
								"east": {"uv": [29, 19], "uv_size": [0.5, 0.75]},
								"south": {"uv": [11, 31], "uv_size": [0.25, 0.75]},
								"west": {"uv": [29, 20], "uv_size": [0.5, 0.75]},
								"up": {"uv": [21, 32], "uv_size": [0.25, 0.5]},
								"down": {"uv": [32, 21.5], "uv_size": [0.25, -0.5]}
							}
						},
						{
							"origin": [-1.8, 13.9, -1.1],
							"size": [2.6, 0.15, 2.2],
							"uv": {
								"north": {"uv": [27, 12], "uv_size": [2.5, 0.25]},
								"east": {"uv": [27, 24], "uv_size": [2.25, 0.25]},
								"south": {"uv": [27, 13], "uv_size": [2.5, 0.25]},
								"west": {"uv": [25, 27], "uv_size": [2.25, 0.25]},
								"up": {"uv": [16, 0], "uv_size": [2.5, 2.25]},
								"down": {"uv": [2, 18.25], "uv_size": [2.5, -2.25]}
							}
						},
						{
							"origin": [2.1, 11.7, -1.1],
							"size": [0.4, 0.4, 2.15],
							"uv": {
								"north": {"uv": [23, 30], "uv_size": [0.5, 0.5]},
								"east": {"uv": [21, 3], "uv_size": [2.25, 0.5]},
								"south": {"uv": [30, 23], "uv_size": [0.5, 0.5]},
								"west": {"uv": [21, 4], "uv_size": [2.25, 0.5]},
								"up": {"uv": [0, 21], "uv_size": [0.5, 2.25]},
								"down": {"uv": [1, 23.25], "uv_size": [0.5, -2.25]}
							}
						},
						{
							"origin": [2.53431, 12.1, 1.05],
							"size": [0.46569, 0.56569, 0.05],
							"uv": {
								"north": {"uv": [20, 30], "uv_size": [0.5, 0.5]},
								"east": {"uv": [1, 32], "uv_size": [0.25, 0.5]},
								"south": {"uv": [30, 20], "uv_size": [0.5, 0.5]},
								"west": {"uv": [32, 1], "uv_size": [0.25, 0.5]},
								"up": {"uv": [2, 32], "uv_size": [0.5, 0.25]},
								"down": {"uv": [32, 2.25], "uv_size": [0.5, -0.25]}
							}
						},
						{
							"origin": [2.88787, 12.66569, 1.05],
							"size": [0.11213, 1.23431, 0.05],
							"uv": {
								"north": {"uv": [7, 30], "uv_size": [0.25, 1.25]},
								"east": {"uv": [8, 30], "uv_size": [0.25, 1.25]},
								"south": {"uv": [30, 8], "uv_size": [0.25, 1.25]},
								"west": {"uv": [9, 30], "uv_size": [0.25, 1.25]},
								"up": {"uv": [33, 15], "uv_size": [0.25, 0.25]},
								"down": {"uv": [16, 33.25], "uv_size": [0.25, -0.25]}
							}
						},
						{
							"origin": [-2.1, 13.66, 1.05],
							"size": [5.1, 0.24, 0.05],
							"uv": {
								"north": {"uv": [20, 7], "uv_size": [5, 0.25]},
								"east": {"uv": [33, 29], "uv_size": [0.25, 0.25]},
								"south": {"uv": [20, 8], "uv_size": [5, 0.25]},
								"west": {"uv": [30, 33], "uv_size": [0.25, 0.25]},
								"up": {"uv": [20, 9], "uv_size": [5, 0.25]},
								"down": {"uv": [20, 10.25], "uv_size": [5, -0.25]}
							}
						},
						{
							"origin": [-2.1, 12.1, 1.05],
							"size": [0.3, 1.8, 0.05],
							"uv": {
								"north": {"uv": [29, 0], "uv_size": [0.25, 1.75]},
								"east": {"uv": [2, 29], "uv_size": [0.25, 1.75]},
								"south": {"uv": [29, 2], "uv_size": [0.25, 1.75]},
								"west": {"uv": [4, 29], "uv_size": [0.25, 1.75]},
								"up": {"uv": [33, 30], "uv_size": [0.25, 0.25]},
								"down": {"uv": [31, 33.25], "uv_size": [0.25, -0.25]}
							}
						},
						{
							"origin": [1.72513, 9.99792, -1.1],
							"size": [1.5, 0.5, 2.2],
							"pivot": [0.62513, 10.89792, 0],
							"rotation": [0, 0, -45],
							"uv": {
								"north": {"uv": [24, 2], "uv_size": [1.5, 0.5]},
								"east": {"uv": [20, 19], "uv_size": [2.25, 0.5]},
								"south": {"uv": [24, 3], "uv_size": [1.5, 0.5]},
								"west": {"uv": [20, 20], "uv_size": [2.25, 0.5]},
								"up": {"uv": [18, 11], "uv_size": [1.5, 2.25]},
								"down": {"uv": [18, 16.25], "uv_size": [1.5, -2.25]}
							}
						},
						{
							"origin": [2.1, 11.78645, 1.05],
							"size": [0.35289, 0.31355, 0.05],
							"uv": {
								"north": {"uv": [20, 34], "uv_size": [0.25, 0.25]},
								"east": {"uv": [34, 20], "uv_size": [0.25, 0.25]},
								"south": {"uv": [21, 34], "uv_size": [0.25, 0.25]},
								"west": {"uv": [34, 21], "uv_size": [0.25, 0.25]},
								"up": {"uv": [22, 34], "uv_size": [0.25, 0.25]},
								"down": {"uv": [34, 22.25], "uv_size": [0.25, -0.25]}
							}
						},
						{
							"origin": [2.8565, 11.58787, 1.05],
							"size": [0.5, 0.3, 0.05],
							"pivot": [1.7565, 11.88787, 0],
							"rotation": [0, 0, -45],
							"uv": {
								"north": {"uv": [3, 32], "uv_size": [0.5, 0.25]},
								"east": {"uv": [33, 14], "uv_size": [0.25, 0.25]},
								"south": {"uv": [32, 3], "uv_size": [0.5, 0.25]},
								"west": {"uv": [15, 33], "uv_size": [0.25, 0.25]},
								"up": {"uv": [4, 32], "uv_size": [0.5, 0.25]},
								"down": {"uv": [32, 4.25], "uv_size": [0.5, -0.25]}
							}
						},
						{
							"origin": [1.4565, 11.68787, 1.05],
							"size": [2.13, 0.2, 0.05],
							"pivot": [1.2565, 11.88787, 0],
							"rotation": [0, 0, -45],
							"uv": {
								"north": {"uv": [27, 14], "uv_size": [2.25, 0.25]},
								"east": {"uv": [33, 19], "uv_size": [0.25, 0.25]},
								"south": {"uv": [27, 18], "uv_size": [2.25, 0.25]},
								"west": {"uv": [20, 33], "uv_size": [0.25, 0.25]},
								"up": {"uv": [19, 27], "uv_size": [2.25, 0.25]},
								"down": {"uv": [22, 27.25], "uv_size": [2.25, -0.25]}
							}
						},
						{
							"origin": [0.9565, 11.68787, 1.05],
							"size": [2.53, 0.2, 0.05],
							"pivot": [0.7565, 11.88787, 0],
							"rotation": [0, 0, -45],
							"uv": {
								"north": {"uv": [24, 23], "uv_size": [2.5, 0.25]},
								"east": {"uv": [33, 20], "uv_size": [0.25, 0.25]},
								"south": {"uv": [24, 24], "uv_size": [2.5, 0.25]},
								"west": {"uv": [21, 33], "uv_size": [0.25, 0.25]},
								"up": {"uv": [25, 7], "uv_size": [2.5, 0.25]},
								"down": {"uv": [25, 8.25], "uv_size": [2.5, -0.25]}
							}
						},
						{
							"origin": [0.4565, 11.68787, 1.05],
							"size": [2.53, 0.2, 0.05],
							"pivot": [0.2565, 11.88787, 0],
							"rotation": [0, 0, -45],
							"uv": {
								"north": {"uv": [25, 9], "uv_size": [2.5, 0.25]},
								"east": {"uv": [33, 21], "uv_size": [0.25, 0.25]},
								"south": {"uv": [25, 10], "uv_size": [2.5, 0.25]},
								"west": {"uv": [22, 33], "uv_size": [0.25, 0.25]},
								"up": {"uv": [20, 25], "uv_size": [2.5, 0.25]},
								"down": {"uv": [25, 21.25], "uv_size": [2.5, -0.25]}
							}
						},
						{
							"origin": [-0.5435, 11.68787, 1.05],
							"size": [2.53, 0.2, 0.05],
							"pivot": [-0.7435, 11.88787, 0],
							"rotation": [0, 0, -45],
							"uv": {
								"north": {"uv": [26, 3], "uv_size": [2.5, 0.25]},
								"east": {"uv": [33, 23], "uv_size": [0.25, 0.25]},
								"south": {"uv": [26, 5], "uv_size": [2.5, 0.25]},
								"west": {"uv": [24, 33], "uv_size": [0.25, 0.25]},
								"up": {"uv": [26, 6], "uv_size": [2.5, 0.25]},
								"down": {"uv": [26, 15.25], "uv_size": [2.5, -0.25]}
							}
						},
						{
							"origin": [-0.0435, 11.68787, 1.05],
							"size": [2.53, 0.2, 0.05],
							"pivot": [-0.2435, 11.88787, 0],
							"rotation": [0, 0, -45],
							"uv": {
								"north": {"uv": [24, 25], "uv_size": [2.5, 0.25]},
								"east": {"uv": [33, 22], "uv_size": [0.25, 0.25]},
								"south": {"uv": [26, 0], "uv_size": [2.5, 0.25]},
								"west": {"uv": [23, 33], "uv_size": [0.25, 0.25]},
								"up": {"uv": [26, 1], "uv_size": [2.5, 0.25]},
								"down": {"uv": [26, 2.25], "uv_size": [2.5, -0.25]}
							}
						},
						{
							"origin": [-1.5435, 11.68787, 1.05],
							"size": [2.53, 0.2, 0.05],
							"pivot": [-1.7435, 11.88787, 0],
							"rotation": [0, 0, -45],
							"uv": {
								"north": {"uv": [26, 20], "uv_size": [2.5, 0.25]},
								"east": {"uv": [33, 25], "uv_size": [0.25, 0.25]},
								"south": {"uv": [23, 26], "uv_size": [2.5, 0.25]},
								"west": {"uv": [26, 33], "uv_size": [0.25, 0.25]},
								"up": {"uv": [26, 26], "uv_size": [2.5, 0.25]},
								"down": {"uv": [1, 27.25], "uv_size": [2.5, -0.25]}
							}
						},
						{
							"origin": [-1.0435, 11.68787, 1.05],
							"size": [2.53, 0.2, 0.05],
							"pivot": [-1.2435, 11.88787, 0],
							"rotation": [0, 0, -45],
							"uv": {
								"north": {"uv": [26, 16], "uv_size": [2.5, 0.25]},
								"east": {"uv": [33, 24], "uv_size": [0.25, 0.25]},
								"south": {"uv": [26, 17], "uv_size": [2.5, 0.25]},
								"west": {"uv": [25, 33], "uv_size": [0.25, 0.25]},
								"up": {"uv": [26, 19], "uv_size": [2.5, 0.25]},
								"down": {"uv": [20, 26.25], "uv_size": [2.5, -0.25]}
							}
						},
						{
							"origin": [-1.6435, 11.68787, 1.05],
							"size": [1.63, 0.2, 0.05],
							"pivot": [-2.7435, 11.88787, 0],
							"rotation": [0, 0, -45],
							"uv": {
								"north": {"uv": [26, 28], "uv_size": [1.75, 0.25]},
								"east": {"uv": [33, 27], "uv_size": [0.25, 0.25]},
								"south": {"uv": [28, 27], "uv_size": [1.75, 0.25]},
								"west": {"uv": [28, 33], "uv_size": [0.25, 0.25]},
								"up": {"uv": [28, 28], "uv_size": [1.75, 0.25]},
								"down": {"uv": [0, 29.25], "uv_size": [1.75, -0.25]}
							}
						},
						{
							"origin": [-2.0435, 11.68787, 1.05],
							"size": [2.53, 0.2, 0.05],
							"pivot": [-2.2435, 11.88787, 0],
							"rotation": [0, 0, -45],
							"uv": {
								"north": {"uv": [4, 27], "uv_size": [2.5, 0.25]},
								"east": {"uv": [33, 26], "uv_size": [0.25, 0.25]},
								"south": {"uv": [27, 4], "uv_size": [2.5, 0.25]},
								"west": {"uv": [27, 33], "uv_size": [0.25, 0.25]},
								"up": {"uv": [7, 27], "uv_size": [2.5, 0.25]},
								"down": {"uv": [27, 11.25], "uv_size": [2.5, -0.25]}
							}
						},
						{
							"origin": [-1.4435, 11.68787, 1.05],
							"size": [0.93, 0.27, 0.05],
							"pivot": [-3.2435, 11.88787, 0],
							"rotation": [0, 0, -45],
							"uv": {
								"north": {"uv": [21, 30], "uv_size": [1, 0.25]},
								"east": {"uv": [33, 28], "uv_size": [0.25, 0.25]},
								"south": {"uv": [30, 21], "uv_size": [1, 0.25]},
								"west": {"uv": [29, 33], "uv_size": [0.25, 0.25]},
								"up": {"uv": [22, 30], "uv_size": [1, 0.25]},
								"down": {"uv": [30, 22.25], "uv_size": [1, -0.25]}
							}
						},
						{
							"origin": [-1.1535, 11.95787, 1.05],
							"size": [0.38, 0.2, 0.05],
							"pivot": [-3.2435, 11.88787, 0],
							"rotation": [0, 0, -45],
							"uv": {
								"north": {"uv": [11, 32], "uv_size": [0.5, 0.25]},
								"east": {"uv": [19, 34], "uv_size": [0.25, 0.25]},
								"south": {"uv": [32, 11], "uv_size": [0.5, 0.25]},
								"west": {"uv": [34, 19], "uv_size": [0.25, 0.25]},
								"up": {"uv": [12, 32], "uv_size": [0.5, 0.25]},
								"down": {"uv": [32, 12.25], "uv_size": [0.5, -0.25]}
							}
						},
						{
							"origin": [3.21005, 12.14142, 1.05],
							"size": [0.15, 0.3, 0.05],
							"pivot": [2.11005, 12.24142, 0],
							"rotation": [0, 0, -45],
							"uv": {
								"north": {"uv": [33, 16], "uv_size": [0.25, 0.25]},
								"east": {"uv": [17, 33], "uv_size": [0.25, 0.25]},
								"south": {"uv": [33, 17], "uv_size": [0.25, 0.25]},
								"west": {"uv": [18, 33], "uv_size": [0.25, 0.25]},
								"up": {"uv": [33, 18], "uv_size": [0.25, 0.25]},
								"down": {"uv": [19, 33.25], "uv_size": [0.25, -0.25]}
							}
						},
						{
							"origin": [2.81005, 12.54142, 1.05],
							"size": [0.60574, 0.15355, 0.05],
							"pivot": [1.91005, 12.54142, 0],
							"rotation": [0, 0, -45],
							"uv": {
								"north": {"uv": [5, 32], "uv_size": [0.5, 0.25]},
								"east": {"uv": [33, 31], "uv_size": [0.25, 0.25]},
								"south": {"uv": [32, 5], "uv_size": [0.5, 0.25]},
								"west": {"uv": [32, 33], "uv_size": [0.25, 0.25]},
								"up": {"uv": [6, 32], "uv_size": [0.5, 0.25]},
								"down": {"uv": [32, 6.25], "uv_size": [0.5, -0.25]}
							}
						},
						{
							"origin": [2.46005, 12.54142, 1.05],
							"size": [0.55574, 0.15355, 0.05],
							"pivot": [1.41005, 12.54142, 0],
							"rotation": [0, 0, -45],
							"uv": {
								"north": {"uv": [7, 32], "uv_size": [0.5, 0.25]},
								"east": {"uv": [33, 32], "uv_size": [0.25, 0.25]},
								"south": {"uv": [32, 7], "uv_size": [0.5, 0.25]},
								"west": {"uv": [33, 33], "uv_size": [0.25, 0.25]},
								"up": {"uv": [8, 32], "uv_size": [0.5, 0.25]},
								"down": {"uv": [32, 8.25], "uv_size": [0.5, -0.25]}
							}
						},
						{
							"origin": [2.11005, 12.54142, 1.05],
							"size": [0.40574, 0.15355, 0.05],
							"pivot": [0.91005, 12.54142, 0],
							"rotation": [0, 0, -45],
							"uv": {
								"north": {"uv": [9, 32], "uv_size": [0.5, 0.25]},
								"east": {"uv": [0, 34], "uv_size": [0.25, 0.25]},
								"south": {"uv": [32, 9], "uv_size": [0.5, 0.25]},
								"west": {"uv": [34, 0], "uv_size": [0.25, 0.25]},
								"up": {"uv": [10, 32], "uv_size": [0.5, 0.25]},
								"down": {"uv": [32, 10.25], "uv_size": [0.5, -0.25]}
							}
						},
						{
							"origin": [1.76005, 12.54142, 1.05],
							"size": [0.25574, 0.15355, 0.05],
							"pivot": [0.41005, 12.54142, 0],
							"rotation": [0, 0, -45],
							"uv": {
								"north": {"uv": [1, 34], "uv_size": [0.25, 0.25]},
								"east": {"uv": [34, 1], "uv_size": [0.25, 0.25]},
								"south": {"uv": [2, 34], "uv_size": [0.25, 0.25]},
								"west": {"uv": [34, 2], "uv_size": [0.25, 0.25]},
								"up": {"uv": [3, 34], "uv_size": [0.25, 0.25]},
								"down": {"uv": [34, 3.25], "uv_size": [0.25, -0.25]}
							}
						},
						{
							"origin": [1.06005, 12.54142, 1.05],
							"size": [0.25574, 0.15355, 0.05],
							"pivot": [1.91005, 12.54142, 0],
							"rotation": [0, 0, -45],
							"uv": {
								"north": {"uv": [23, 34], "uv_size": [0.25, 0.25]},
								"east": {"uv": [34, 23], "uv_size": [0.25, 0.25]},
								"south": {"uv": [24, 34], "uv_size": [0.25, 0.25]},
								"west": {"uv": [34, 24], "uv_size": [0.25, 0.25]},
								"up": {"uv": [25, 34], "uv_size": [0.25, 0.25]},
								"down": {"uv": [34, 25.25], "uv_size": [0.25, -0.25]}
							}
						},
						{
							"origin": [1.56005, 12.46142, 1.05],
							"size": [0.25574, 0.23355, 0.05],
							"pivot": [2.41005, 12.54142, 0],
							"rotation": [0, 0, -45],
							"uv": {
								"north": {"uv": [35, 15], "uv_size": [0.25, 0.25]},
								"east": {"uv": [16, 35], "uv_size": [0.25, 0.25]},
								"south": {"uv": [35, 16], "uv_size": [0.25, 0.25]},
								"west": {"uv": [17, 35], "uv_size": [0.25, 0.25]},
								"up": {"uv": [35, 17], "uv_size": [0.25, 0.25]},
								"down": {"uv": [18, 35.25], "uv_size": [0.25, -0.25]}
							}
						},
						{
							"origin": [0.56005, 12.54142, 1.05],
							"size": [0.25574, 0.15355, 0.05],
							"pivot": [1.41005, 12.54142, 0],
							"rotation": [0, 0, -45],
							"uv": {
								"north": {"uv": [26, 34], "uv_size": [0.25, 0.25]},
								"east": {"uv": [34, 26], "uv_size": [0.25, 0.25]},
								"south": {"uv": [27, 34], "uv_size": [0.25, 0.25]},
								"west": {"uv": [34, 27], "uv_size": [0.25, 0.25]},
								"up": {"uv": [28, 34], "uv_size": [0.25, 0.25]},
								"down": {"uv": [34, 28.25], "uv_size": [0.25, -0.25]}
							}
						},
						{
							"origin": [-0.43995, 12.54142, 1.05],
							"size": [0.25574, 0.15355, 0.05],
							"pivot": [0.41005, 12.54142, 0],
							"rotation": [0, 0, -45],
							"uv": {
								"north": {"uv": [32, 34], "uv_size": [0.25, 0.25]},
								"east": {"uv": [34, 32], "uv_size": [0.25, 0.25]},
								"south": {"uv": [33, 34], "uv_size": [0.25, 0.25]},
								"west": {"uv": [34, 33], "uv_size": [0.25, 0.25]},
								"up": {"uv": [34, 34], "uv_size": [0.25, 0.25]},
								"down": {"uv": [0, 35.25], "uv_size": [0.25, -0.25]}
							}
						},
						{
							"origin": [0.06005, 12.54142, 1.05],
							"size": [0.25574, 0.15355, 0.05],
							"pivot": [0.91005, 12.54142, 0],
							"rotation": [0, 0, -45],
							"uv": {
								"north": {"uv": [29, 34], "uv_size": [0.25, 0.25]},
								"east": {"uv": [34, 29], "uv_size": [0.25, 0.25]},
								"south": {"uv": [30, 34], "uv_size": [0.25, 0.25]},
								"west": {"uv": [34, 30], "uv_size": [0.25, 0.25]},
								"up": {"uv": [31, 34], "uv_size": [0.25, 0.25]},
								"down": {"uv": [34, 31.25], "uv_size": [0.25, -0.25]}
							}
						},
						{
							"origin": [-1.43995, 12.54142, 1.05],
							"size": [0.25574, 0.15355, 0.05],
							"pivot": [-0.58995, 12.54142, 0],
							"rotation": [0, 0, -45],
							"uv": {
								"north": {"uv": [35, 3], "uv_size": [0.25, 0.25]},
								"east": {"uv": [4, 35], "uv_size": [0.25, 0.25]},
								"south": {"uv": [35, 4], "uv_size": [0.25, 0.25]},
								"west": {"uv": [5, 35], "uv_size": [0.25, 0.25]},
								"up": {"uv": [35, 5], "uv_size": [0.25, 0.25]},
								"down": {"uv": [6, 35.25], "uv_size": [0.25, -0.25]}
							}
						},
						{
							"origin": [-1.93995, 12.54142, 1.05],
							"size": [0.25574, 0.15355, 0.05],
							"pivot": [-1.08995, 12.54142, 0],
							"rotation": [0, 0, -45],
							"uv": {
								"north": {"uv": [35, 6], "uv_size": [0.25, 0.25]},
								"east": {"uv": [7, 35], "uv_size": [0.25, 0.25]},
								"south": {"uv": [35, 7], "uv_size": [0.25, 0.25]},
								"west": {"uv": [8, 35], "uv_size": [0.25, 0.25]},
								"up": {"uv": [35, 8], "uv_size": [0.25, 0.25]},
								"down": {"uv": [9, 35.25], "uv_size": [0.25, -0.25]}
							}
						},
						{
							"origin": [-1.73995, 12.54142, 1.05],
							"size": [0.25574, 0.15355, 0.05],
							"pivot": [-2.08995, 12.54142, 0],
							"rotation": [0, 0, -45],
							"uv": {
								"north": {"uv": [35, 12], "uv_size": [0.25, 0.25]},
								"east": {"uv": [13, 35], "uv_size": [0.25, 0.25]},
								"south": {"uv": [35, 13], "uv_size": [0.25, 0.25]},
								"west": {"uv": [14, 35], "uv_size": [0.25, 0.25]},
								"up": {"uv": [35, 14], "uv_size": [0.25, 0.25]},
								"down": {"uv": [15, 35.25], "uv_size": [0.25, -0.25]}
							}
						},
						{
							"origin": [-1.93995, 12.54142, 1.05],
							"size": [0.25574, 0.15355, 0.05],
							"pivot": [-1.58995, 12.54142, 0],
							"rotation": [0, 0, -45],
							"uv": {
								"north": {"uv": [35, 9], "uv_size": [0.25, 0.25]},
								"east": {"uv": [10, 35], "uv_size": [0.25, 0.25]},
								"south": {"uv": [35, 10], "uv_size": [0.25, 0.25]},
								"west": {"uv": [11, 35], "uv_size": [0.25, 0.25]},
								"up": {"uv": [35, 11], "uv_size": [0.25, 0.25]},
								"down": {"uv": [12, 35.25], "uv_size": [0.25, -0.25]}
							}
						},
						{
							"origin": [-0.93995, 12.54142, 1.05],
							"size": [0.25574, 0.15355, 0.05],
							"pivot": [-0.08995, 12.54142, 0],
							"rotation": [0, 0, -45],
							"uv": {
								"north": {"uv": [35, 0], "uv_size": [0.25, 0.25]},
								"east": {"uv": [1, 35], "uv_size": [0.25, 0.25]},
								"south": {"uv": [35, 1], "uv_size": [0.25, 0.25]},
								"west": {"uv": [2, 35], "uv_size": [0.25, 0.25]},
								"up": {"uv": [35, 2], "uv_size": [0.25, 0.25]},
								"down": {"uv": [3, 35.25], "uv_size": [0.25, -0.25]}
							}
						},
						{
							"origin": [1.32005, 12.54142, 1.05],
							"size": [0.19574, 0.15355, 0.05],
							"pivot": [-0.08995, 12.54142, 0],
							"rotation": [0, 0, -45],
							"uv": {
								"north": {"uv": [4, 34], "uv_size": [0.25, 0.25]},
								"east": {"uv": [34, 4], "uv_size": [0.25, 0.25]},
								"south": {"uv": [5, 34], "uv_size": [0.25, 0.25]},
								"west": {"uv": [34, 5], "uv_size": [0.25, 0.25]},
								"up": {"uv": [6, 34], "uv_size": [0.25, 0.25]},
								"down": {"uv": [34, 6.25], "uv_size": [0.25, -0.25]}
							}
						},
						{
							"origin": [0.82005, 12.54142, 1.05],
							"size": [0.19574, 0.15355, 0.05],
							"pivot": [-0.58995, 12.54142, 0],
							"rotation": [0, 0, -45],
							"uv": {
								"north": {"uv": [7, 34], "uv_size": [0.25, 0.25]},
								"east": {"uv": [34, 7], "uv_size": [0.25, 0.25]},
								"south": {"uv": [8, 34], "uv_size": [0.25, 0.25]},
								"west": {"uv": [34, 8], "uv_size": [0.25, 0.25]},
								"up": {"uv": [9, 34], "uv_size": [0.25, 0.25]},
								"down": {"uv": [34, 9.25], "uv_size": [0.25, -0.25]}
							}
						},
						{
							"origin": [0.32005, 12.54142, 1.05],
							"size": [0.19574, 0.15355, 0.05],
							"pivot": [-1.08995, 12.54142, 0],
							"rotation": [0, 0, -45],
							"uv": {
								"north": {"uv": [10, 34], "uv_size": [0.25, 0.25]},
								"east": {"uv": [34, 10], "uv_size": [0.25, 0.25]},
								"south": {"uv": [11, 34], "uv_size": [0.25, 0.25]},
								"west": {"uv": [34, 11], "uv_size": [0.25, 0.25]},
								"up": {"uv": [12, 34], "uv_size": [0.25, 0.25]},
								"down": {"uv": [34, 12.25], "uv_size": [0.25, -0.25]}
							}
						},
						{
							"origin": [-0.17995, 12.54142, 1.05],
							"size": [0.19574, 0.15355, 0.05],
							"pivot": [-1.58995, 12.54142, 0],
							"rotation": [0, 0, -45],
							"uv": {
								"north": {"uv": [13, 34], "uv_size": [0.25, 0.25]},
								"east": {"uv": [34, 13], "uv_size": [0.25, 0.25]},
								"south": {"uv": [14, 34], "uv_size": [0.25, 0.25]},
								"west": {"uv": [34, 14], "uv_size": [0.25, 0.25]},
								"up": {"uv": [15, 34], "uv_size": [0.25, 0.25]},
								"down": {"uv": [34, 15.25], "uv_size": [0.25, -0.25]}
							}
						},
						{
							"origin": [-0.67995, 12.54142, 1.05],
							"size": [0.19574, 0.15355, 0.05],
							"pivot": [-2.08995, 12.54142, 0],
							"rotation": [0, 0, -45],
							"uv": {
								"north": {"uv": [16, 34], "uv_size": [0.25, 0.25]},
								"east": {"uv": [34, 16], "uv_size": [0.25, 0.25]},
								"south": {"uv": [17, 34], "uv_size": [0.25, 0.25]},
								"west": {"uv": [34, 17], "uv_size": [0.25, 0.25]},
								"up": {"uv": [18, 34], "uv_size": [0.25, 0.25]},
								"down": {"uv": [34, 18.25], "uv_size": [0.25, -0.25]}
							}
						},
						{
							"origin": [-1.5, 11, 0.9],
							"size": [3, 1.1, 0.15],
							"uv": {
								"north": {"uv": [14, 6], "uv_size": [3, 1]},
								"east": {"uv": [19, 30], "uv_size": [0.25, 1]},
								"south": {"uv": [18, 17], "uv_size": [3, 1]},
								"west": {"uv": [30, 19], "uv_size": [0.25, 1]},
								"up": {"uv": [23, 0], "uv_size": [3, 0.25]},
								"down": {"uv": [23, 1.25], "uv_size": [3, -0.25]}
							}
						},
						{
							"origin": [-1.5, 11.5, 1.05],
							"size": [3, 0.6, 0.05],
							"uv": {
								"north": {"uv": [20, 5], "uv_size": [3, 0.5]},
								"east": {"uv": [31, 28], "uv_size": [0.25, 0.5]},
								"south": {"uv": [20, 6], "uv_size": [3, 0.5]},
								"west": {"uv": [29, 31], "uv_size": [0.25, 0.5]},
								"up": {"uv": [23, 5], "uv_size": [3, 0.25]},
								"down": {"uv": [23, 6.25], "uv_size": [3, -0.25]}
							}
						},
						{
							"origin": [-1.5, 11, 1.05],
							"size": [3, 0.1, 0.05],
							"uv": {
								"north": {"uv": [23, 15], "uv_size": [3, 0.25]},
								"east": {"uv": [33, 12], "uv_size": [0.25, 0.25]},
								"south": {"uv": [23, 16], "uv_size": [3, 0.25]},
								"west": {"uv": [13, 33], "uv_size": [0.25, 0.25]},
								"up": {"uv": [23, 19], "uv_size": [3, 0.25]},
								"down": {"uv": [23, 20.25], "uv_size": [3, -0.25]}
							}
						},
						{
							"origin": [-0.05, 11.1, 1.05],
							"size": [0.1, 0.4, 0.05],
							"uv": {
								"north": {"uv": [31, 29], "uv_size": [0.25, 0.5]},
								"east": {"uv": [30, 31], "uv_size": [0.25, 0.5]},
								"south": {"uv": [31, 30], "uv_size": [0.25, 0.5]},
								"west": {"uv": [31, 31], "uv_size": [0.25, 0.5]},
								"up": {"uv": [33, 13], "uv_size": [0.25, 0.25]},
								"down": {"uv": [14, 33.25], "uv_size": [0.25, -0.25]}
							}
						},
						{
							"origin": [-1.2, 5.7, 1.1],
							"size": [2.4, 0.2, 0.1],
							"uv": {
								"north": {"uv": [24, 4], "uv_size": [2.5, 0.25]},
								"east": {"uv": [29, 32], "uv_size": [0.25, 0.25]},
								"south": {"uv": [24, 11], "uv_size": [2.5, 0.25]},
								"west": {"uv": [32, 29], "uv_size": [0.25, 0.25]},
								"up": {"uv": [24, 12], "uv_size": [2.5, 0.25]},
								"down": {"uv": [24, 13.25], "uv_size": [2.5, -0.25]}
							}
						},
						{
							"origin": [0.77782, 6.51924, 1.1],
							"size": [0.28284, 0.2, 0.1],
							"pivot": [1.97782, 6.61924, 1.15],
							"rotation": [0, 0, -45],
							"uv": {
								"north": {"uv": [33, 0], "uv_size": [0.25, 0.25]},
								"east": {"uv": [1, 33], "uv_size": [0.25, 0.25]},
								"south": {"uv": [33, 1], "uv_size": [0.25, 0.25]},
								"west": {"uv": [2, 33], "uv_size": [0.25, 0.25]},
								"up": {"uv": [33, 2], "uv_size": [0.25, 0.25]},
								"down": {"uv": [3, 33.25], "uv_size": [0.25, -0.25]}
							}
						},
						{
							"origin": [-1.37071, 7.92929, 1.1],
							"size": [0.28284, 0.2, 0.1],
							"pivot": [-1.22929, 8.02929, 1.15],
							"rotation": [0, 0, -45],
							"uv": {
								"north": {"uv": [33, 3], "uv_size": [0.25, 0.25]},
								"east": {"uv": [4, 33], "uv_size": [0.25, 0.25]},
								"south": {"uv": [33, 4], "uv_size": [0.25, 0.25]},
								"west": {"uv": [5, 33], "uv_size": [0.25, 0.25]},
								"up": {"uv": [33, 5], "uv_size": [0.25, 0.25]},
								"down": {"uv": [6, 33.25], "uv_size": [0.25, -0.25]}
							}
						},
						{
							"origin": [-0.65355, 8.52635, 1.1],
							"size": [0.28284, 0.2, 0.1],
							"pivot": [-0.3, 7.1, 1.15],
							"rotation": [0, 0, -135],
							"uv": {
								"north": {"uv": [33, 9], "uv_size": [0.25, 0.25]},
								"east": {"uv": [10, 33], "uv_size": [0.25, 0.25]},
								"south": {"uv": [33, 10], "uv_size": [0.25, 0.25]},
								"west": {"uv": [11, 33], "uv_size": [0.25, 0.25]},
								"up": {"uv": [33, 11], "uv_size": [0.25, 0.25]},
								"down": {"uv": [12, 33.25], "uv_size": [0.25, -0.25]}
							}
						},
						{
							"origin": [0.37071, 5.17365, 1.1],
							"size": [0.28284, 0.2, 0.1],
							"pivot": [0.3, 6.8, 1.15],
							"rotation": [0, 0, -135],
							"uv": {
								"north": {"uv": [33, 6], "uv_size": [0.25, 0.25]},
								"east": {"uv": [7, 33], "uv_size": [0.25, 0.25]},
								"south": {"uv": [33, 7], "uv_size": [0.25, 0.25]},
								"west": {"uv": [8, 33], "uv_size": [0.25, 0.25]},
								"up": {"uv": [33, 8], "uv_size": [0.25, 0.25]},
								"down": {"uv": [9, 33.25], "uv_size": [0.25, -0.25]}
							}
						},
						{
							"origin": [-1.2, 8, 1.1],
							"size": [2.4, 0.2, 0.1],
							"uv": {
								"north": {"uv": [24, 14], "uv_size": [2.5, 0.25]},
								"east": {"uv": [32, 32], "uv_size": [0.25, 0.25]},
								"south": {"uv": [24, 18], "uv_size": [2.5, 0.25]},
								"west": {"uv": [0, 33], "uv_size": [0.25, 0.25]},
								"up": {"uv": [20, 24], "uv_size": [2.5, 0.25]},
								"down": {"uv": [24, 22.25], "uv_size": [2.5, -0.25]}
							}
						},
						{
							"origin": [1.2, 5.9, 1.1],
							"size": [0.2, 2.1, 0.1],
							"uv": {
								"north": {"uv": [11, 28], "uv_size": [0.25, 2]},
								"east": {"uv": [12, 28], "uv_size": [0.25, 2]},
								"south": {"uv": [14, 28], "uv_size": [0.25, 2]},
								"west": {"uv": [18, 28], "uv_size": [0.25, 2]},
								"up": {"uv": [30, 32], "uv_size": [0.25, 0.25]},
								"down": {"uv": [32, 30.25], "uv_size": [0.25, -0.25]}
							}
						},
						{
							"origin": [-1.4, 5.9, 1.1],
							"size": [0.2, 2.1, 0.1],
							"uv": {
								"north": {"uv": [19, 28], "uv_size": [0.25, 2]},
								"east": {"uv": [20, 28], "uv_size": [0.25, 2]},
								"south": {"uv": [21, 28], "uv_size": [0.25, 2]},
								"west": {"uv": [22, 28], "uv_size": [0.25, 2]},
								"up": {"uv": [31, 32], "uv_size": [0.25, 0.25]},
								"down": {"uv": [32, 31.25], "uv_size": [0.25, -0.25]}
							}
						},
						{
							"origin": [1.5, 8.8, 0.9],
							"size": [0.6, 3.3, 0.2],
							"uv": {
								"north": {"uv": [15, 19], "uv_size": [0.5, 3.25]},
								"east": {"uv": [4, 23], "uv_size": [0.25, 3.25]},
								"south": {"uv": [16, 19], "uv_size": [0.5, 3.25]},
								"west": {"uv": [7, 23], "uv_size": [0.25, 3.25]},
								"up": {"uv": [31, 26], "uv_size": [0.5, 0.25]},
								"down": {"uv": [27, 31.25], "uv_size": [0.5, -0.25]}
							}
						},
						{
							"origin": [-2.1, 8.8, 0.9],
							"size": [0.6, 3.3, 0.2],
							"uv": {
								"north": {"uv": [17, 19], "uv_size": [0.5, 3.25]},
								"east": {"uv": [8, 23], "uv_size": [0.25, 3.25]},
								"south": {"uv": [19, 19], "uv_size": [0.5, 3.25]},
								"west": {"uv": [9, 23], "uv_size": [0.25, 3.25]},
								"up": {"uv": [31, 27], "uv_size": [0.5, 0.25]},
								"down": {"uv": [28, 31.25], "uv_size": [0.5, -0.25]}
							}
						},
						{
							"origin": [-2.1, 3.7, -0.2],
							"size": [4.2, 0.3, 0.4],
							"uv": {
								"north": {"uv": [21, 17], "uv_size": [4.25, 0.25]},
								"east": {"uv": [31, 25], "uv_size": [0.5, 0.25]},
								"south": {"uv": [20, 21], "uv_size": [4.25, 0.25]},
								"west": {"uv": [26, 31], "uv_size": [0.5, 0.25]},
								"up": {"uv": [19, 2], "uv_size": [4.25, 0.5]},
								"down": {"uv": [19, 18.5], "uv_size": [4.25, -0.5]}
							}
						}
					]
				},
				{
					"name": "mag_and_bullet",
					"parent": "mag_and_lh",
					"pivot": [0, 5, 3]
				},
				{
					"name": "magazine",
					"parent": "mag_and_bullet",
					"pivot": [0, 9, -12]
				},
				{
					"name": "mag_standard",
					"parent": "magazine",
					"pivot": [0, 10.53279, -17.44894]
				},
				{
					"name": "gun_and_rh",
					"parent": "root",
					"pivot": [0, 0, 0]
				},
				{
					"name": "righthand",
					"parent": "gun_and_rh",
					"pivot": [6, 19, 0]
				},
				{
					"name": "righthand_pos",
					"parent": "righthand",
					"pivot": [0, 8, 0],
					"cubes": [
						{
							"origin": [4, 8, -2],
							"size": [4, 12, 4],
							"uv": {
								"north": {"uv": [12, 0], "uv_size": [4, 12]},
								"east": {"uv": [4, 12], "uv_size": [4, 12]},
								"south": {"uv": [8, 12], "uv_size": [4, 12]},
								"west": {"uv": [12, 12], "uv_size": [4, 12]},
								"up": {"uv": [11, 24], "uv_size": [4, 4]},
								"down": {"uv": [15, 28], "uv_size": [4, -4]}
							}
						}
					]
				},
				{
					"name": "m101_art",
					"parent": "gun_and_rh",
					"pivot": [0, 0, 0]
				},
				{
					"name": "constraint",
					"parent": "m101_art",
					"pivot": [0, 12.275, -7]
				},
				{
					"name": "positioning2",
					"parent": "m101_art",
					"pivot": [0, 0, 1]
				},
				{
					"name": "shell",
					"parent": "positioning2",
					"pivot": [0.02, 9.1, 6.44]
				},
				{
					"name": "muzzle_flash",
					"parent": "positioning2",
					"pivot": [0, 10000, -1.72]
				},
				{
					"name": "muzzle_pos",
					"parent": "positioning2",
					"pivot": [0, 10.57, -3.89]
				},
				{
					"name": "laser_pos",
					"parent": "positioning2",
					"pivot": [0.8, 13.2, -3.5]
				},
				{
					"name": "scope_pos",
					"parent": "positioning2",
					"pivot": [-7, 5, -3]
				},
				{
					"name": "stock_pos",
					"parent": "positioning2",
					"pivot": [0, 9.45, 14.15]
				},
				{
					"name": "grip_pos",
					"parent": "positioning2",
					"pivot": [0, 7.82, -2.5]
				},
				{
					"name": "camera",
					"pivot": [0, 0, 0]
				},
				{
					"name": "positioning",
					"pivot": [0, 4, 4]
				},
				{
					"name": "ground",
					"parent": "positioning",
					"pivot": [0, -0.1, 0]
				},
				{
					"name": "thirdperson_hand",
					"parent": "positioning",
					"pivot": [-7, 5, -3]
				},
				{
					"name": "fixed",
					"parent": "positioning",
					"pivot": [0, 8.9, 0.2],
					"rotation": [0, 180, 0]
				},
				{
					"name": "view",
					"pivot": [0, 4, 5]
				},
				{
					"name": "idle_view",
					"parent": "view",
					"pivot": [0, 10, 10]
				},
				{
					"name": "iron_view",
					"parent": "view",
					"pivot": [0, 10, 8]
				},
				{
					"name": "refit_view",
					"parent": "view",
					"pivot": [12.44, 9, 13],
					"rotation": [0, 45, 0]
				},
				{
					"name": "refit_muzzle_view",
					"parent": "view",
					"pivot": [7.16, 8.91, -8.53],
					"rotation": [0, 90, 0]
				},
				{
					"name": "refit_stock_view",
					"parent": "view",
					"pivot": [10.52, 8.89, 15.36],
					"rotation": [0, 90, 0]
				},
				{
					"name": "refit_scope_view",
					"parent": "view",
					"pivot": [13.7, 6.36, -4.84],
					"rotation": [0, 45, 0]
				},
				{
					"name": "refit_extended_mag_view",
					"parent": "view",
					"pivot": [23.41, 29.5, 30.52],
					"rotation": [30, 45, 0]
				},
				{
					"name": "refit_laser_view",
					"parent": "view",
					"pivot": [6.34, 9.38, -1.37]
				},
				{
					"name": "refit_grip_view",
					"parent": "view",
					"pivot": [6.45, 5.2, -2.03],
					"rotation": [0, 90, 0]
				}
			]
		}
	]
}