{
	"format_version": "1.8.0",
	"animations": {
		"static_idle": {
			"loop": true,
			"bones": {
				"lefthand": {
					"rotation": [99.16252, -23.16084, -164.22174],
					"position": [6.93634, -12.08075, -14.53018]
				},
				"righthand": {
					"rotation": [158.23207, 30.21037, -168.90489],
					"position": [-6.3683, -11.13972, -1.53687]
				},
				"magazine": {
					"rotation": [0, 0, 0],
					"position": [0, 0, 0],
					"scale": 1
				},
				"root": {
					"rotation": [0, 0, 0],
					"position": [0, 0, 0]
				},
				"gun_and_rh": {
					"rotation": [0, 0, 0],
					"position": [0, 0, 0]
				}
			}
		},
		"static_bolt_caught": {
			"loop": true,
			"bones": {
				"slide": {
					"position": [0, -7, 0]
				},
				"magazine": {
					"scale": 0
				}
			}
		},
		"draw": {
			"animation_length": 0.4167,
			"bones": {
				"lefthand": {
					"rotation": {
						"0.0": {
							"post": [105.31149, 3.31551, -156.60067],
							"lerp_mode": "catmullrom"
						},
						"0.2083": {
							"post": [106.59944, -10.32185, -187.2229],
							"lerp_mode": "catmullrom"
						},
						"0.4167": {
							"post": [99.16252, -23.16084, -164.22174],
							"lerp_mode": "catmullrom"
						}
					},
					"position": {
						"0.0": {
							"post": [16.93634, -21.08075, 2.46982],
							"lerp_mode": "catmullrom"
						},
						"0.2083": {
							"post": [12.52, -14.4, -14.14],
							"lerp_mode": "catmullrom"
						},
						"0.4167": {
							"post": [6.93634, -12.08075, -14.53018],
							"lerp_mode": "catmullrom"
						}
					}
				},
				"righthand": {
					"rotation": {
						"0.0": {
							"post": [158.23, 30.21, -168.9],
							"lerp_mode": "catmullrom"
						}
					},
					"position": {
						"0.0": {
							"post": [-6.37, -11.14, -1.54],
							"lerp_mode": "catmullrom"
						}
					}
				},
				"magazine": {
					"scale": 0
				},
				"gun_and_rh": {
					"rotation": {
						"0.0": {
							"post": [90, 0, 47.5],
							"lerp_mode": "catmullrom"
						},
						"0.25": {
							"post": [6, 0, 0],
							"lerp_mode": "catmullrom"
						},
						"0.4167": {
							"post": [0, 0, 0],
							"lerp_mode": "catmullrom"
						}
					},
					"position": {
						"0.0": {
							"post": [-4, -7, 0],
							"lerp_mode": "catmullrom"
						},
						"0.25": {
							"post": [0, 0, -2],
							"lerp_mode": "catmullrom"
						},
						"0.4167": {
							"post": [0, 0, 0],
							"lerp_mode": "catmullrom"
						}
					}
				}
			}
		},
		"put_away": {
			"animation_length": 0.375,
			"bones": {
				"lefthand": {
					"rotation": {
						"0.0": {
							"post": [99.16252, -23.16084, -164.22174],
							"lerp_mode": "catmullrom"
						},
						"0.1667": {
							"post": [133.30817, -11.56668, -177.9883],
							"lerp_mode": "catmullrom"
						},
						"0.3333": {
							"post": [50.81, -11.57, -177.99],
							"lerp_mode": "catmullrom"
						}
					},
					"position": {
						"0.0": {
							"post": [6.93634, -12.08075, -14.53018],
							"lerp_mode": "catmullrom"
						},
						"0.1667": {
							"post": [17.94, -12.08, -6.53],
							"lerp_mode": "catmullrom"
						},
						"0.3333": {
							"post": [22.94, -30.08, -6.53],
							"lerp_mode": "catmullrom"
						}
					}
				},
				"righthand": {
					"rotation": {
						"0.0": {
							"post": [158.23207, 30.21037, -168.90489],
							"lerp_mode": "catmullrom"
						}
					},
					"position": {
						"0.0": {
							"post": [-6.3683, -11.13972, -1.53687],
							"lerp_mode": "catmullrom"
						}
					}
				},
				"magazine": {
					"scale": 0
				},
				"gun_and_rh": {
					"rotation": {
						"0.0": {
							"post": [0, 0, 0],
							"lerp_mode": "catmullrom"
						},
						"0.1667": {
							"post": [6, 0, 0],
							"lerp_mode": "catmullrom"
						},
						"0.375": {
							"post": [90, 0, 47.5],
							"lerp_mode": "catmullrom"
						}
					},
					"position": {
						"0.0": {
							"post": [0, 0, 0],
							"lerp_mode": "catmullrom"
						},
						"0.1667": {
							"post": [0, 0, -2],
							"lerp_mode": "catmullrom"
						},
						"0.375": {
							"post": [-4, -7, 0],
							"lerp_mode": "catmullrom"
						}
					}
				}
			}
		},
		"shoot": {
			"animation_length": 0.2333,
			"bones": {
				"root": {
					"rotation": {
						"0.0": {
							"post": [0, 0, 0],
							"lerp_mode": "catmullrom"
						},
						"0.0333": {
							"post": [0.99756, -0.06975, 3.99939],
							"lerp_mode": "catmullrom"
						},
						"0.2333": {
							"post": [0, 0, 0],
							"lerp_mode": "catmullrom"
						}
					},
					"position": {
						"0.0": {
							"post": [0, 0, 0],
							"lerp_mode": "catmullrom"
						},
						"0.0333": {
							"post": [0, 0, -0.5],
							"lerp_mode": "catmullrom"
						},
						"0.2333": {
							"post": [0, 0, 0],
							"lerp_mode": "catmullrom"
						}
					}
				},
				"camera": {
					"rotation": {
						"0.0": {
							"post": [0, 0, 0],
							"lerp_mode": "catmullrom"
						},
						"0.0333": {
							"post": [3, 0, -2],
							"lerp_mode": "catmullrom"
						},
						"0.1": {
							"post": [0, 0, 0],
							"lerp_mode": "catmullrom"
						}
					}
				}
			}
		},
		"reload_empty": {
			"animation_length": 2,
			"bones": {
				"root": {
					"rotation": {
						"0.0": {
							"post": [0, 0, 0],
							"lerp_mode": "catmullrom"
						},
						"0.125": {
							"post": [0, 0, 0],
							"lerp_mode": "catmullrom"
						},
						"0.3333": {
							"post": [15.12353, 7.24305, 1.95155],
							"lerp_mode": "catmullrom"
						},
						"0.5417": {
							"post": [38.80954, 4.01506, 19.0771],
							"lerp_mode": "catmullrom"
						},
						"0.875": {
							"post": [35.91, -0.27, 26.6],
							"lerp_mode": "catmullrom"
						},
						"1.0833": {
							"post": [42.21, 0.57, 25.56],
							"lerp_mode": "catmullrom"
						},
						"1.2083": {
							"post": [42.21, 0.57, 25.56],
							"lerp_mode": "catmullrom"
						},
						"1.3333": {
							"post": [37.45, 7, 23.54],
							"lerp_mode": "catmullrom"
						},
						"1.5": {
							"post": [34.80954, 8.01506, 19.0771],
							"lerp_mode": "catmullrom"
						},
						"1.7083": {
							"post": [15.12353, 3.24305, 1.95155],
							"lerp_mode": "catmullrom"
						},
						"1.875": {
							"post": [0, 0, 0],
							"lerp_mode": "catmullrom"
						},
						"2.0": {
							"post": [0, 0, 0],
							"lerp_mode": "catmullrom"
						}
					},
					"position": {
						"0.0": {
							"post": [0, 0, 0],
							"lerp_mode": "catmullrom"
						},
						"0.125": {
							"post": [0, 0, -2],
							"lerp_mode": "catmullrom"
						},
						"0.3333": {
							"post": [0.69459, -1.01955, -3.805],
							"lerp_mode": "catmullrom"
						},
						"0.5417": {
							"post": [-0.23731, -1.62242, -6.44917],
							"lerp_mode": "catmullrom"
						},
						"0.7917": {
							"post": [-0.32, -1.68, -6.68],
							"lerp_mode": "catmullrom"
						},
						"1.4583": {
							"post": [-0.23731, -1.62242, -6.44917],
							"lerp_mode": "catmullrom"
						},
						"1.6667": {
							"post": [-0.30541, -1.01955, -3.805],
							"lerp_mode": "catmullrom"
						},
						"1.8333": {
							"post": [0, 0, -1],
							"lerp_mode": "catmullrom"
						},
						"2.0": {
							"post": [0, 0, 0],
							"lerp_mode": "catmullrom"
						}
					}
				},
				"mag_and_lh": {
					"rotation": [0, 0, 0],
					"position": [0, 0, 0]
				},
				"lefthand": {
					"rotation": {
						"0.0": {
							"post": [99.16252, -23.16084, -164.22174],
							"lerp_mode": "catmullrom"
						},
						"0.2083": {
							"post": [99.32144, -31.50374, -190.26163],
							"lerp_mode": "catmullrom"
						},
						"0.3333": {
							"post": [43.82838, -4.53042, -205.75335],
							"lerp_mode": "catmullrom"
						},
						"0.5833": {
							"post": [100.02449, 20.40701, -192.21258],
							"lerp_mode": "catmullrom"
						},
						"0.8333": {
							"post": [164.20244, 65.71922, -250.71494],
							"lerp_mode": "catmullrom"
						},
						"0.9583": {
							"post": [164.20244, 65.71922, -250.71494],
							"lerp_mode": "catmullrom"
						},
						"1.1667": {
							"post": [103.08649, 60.38837, -314.10137],
							"lerp_mode": "catmullrom"
						},
						"1.3333": {
							"post": [103.08649, 60.38837, -314.10137],
							"lerp_mode": "catmullrom"
						},
						"1.5417": {
							"post": [-59.24959, 77.21993, -476.86571],
							"lerp_mode": "catmullrom"
						},
						"1.625": {
							"post": [114.99575, 76.10703, -280.03117],
							"lerp_mode": "catmullrom"
						},
						"1.6667": {
							"post": [136.06723, 51.27979, -239.63502],
							"lerp_mode": "catmullrom"
						},
						"1.75": {
							"post": [123.88468, 9.54264, -218.59202],
							"lerp_mode": "catmullrom"
						},
						"2.0": {
							"post": [99.16252, -23.16084, -164.22174],
							"lerp_mode": "catmullrom"
						}
					},
					"position": {
						"0.0": {
							"post": [6.93634, -12.08075, -14.53018],
							"lerp_mode": "catmullrom"
						},
						"0.2083": {
							"post": [13.12968, -13.83075, -17.28338],
							"lerp_mode": "catmullrom"
						},
						"0.3333": {
							"post": [19.9963, -28.72959, -8.63272],
							"lerp_mode": "catmullrom"
						},
						"0.5833": {
							"post": [13.54661, -21.58124, 2.89347],
							"lerp_mode": "catmullrom"
						},
						"0.8333": {
							"post": [7.47422, -9.47609, 8.34699],
							"lerp_mode": "catmullrom"
						},
						"0.9583": {
							"post": [6.64795, -8.92406, 8.23504],
							"lerp_mode": "catmullrom"
						},
						"1.1667": {
							"post": [5.4586, -10.87514, 5.60605],
							"lerp_mode": "catmullrom"
						},
						"1.3333": {
							"post": [5.4586, -10.87514, 5.60605],
							"lerp_mode": "catmullrom"
						},
						"1.5417": {
							"post": [6.64795, -8.92406, 8.23504],
							"lerp_mode": "catmullrom"
						},
						"1.75": {
							"post": [12.02538, -11.01285, -6.42385],
							"lerp_mode": "catmullrom"
						},
						"2.0": {
							"post": [6.93634, -12.08075, -14.53018],
							"lerp_mode": "catmullrom"
						}
					}
				},
				"magazine": {
					"scale": {
						"0.0": [0, 0, 0],
						"1.1667": [0, 0, 0],
						"1.2083": [1, 1, 1]
					}
				},
				"righthand": {
					"rotation": [158.23207, 30.21037, -168.90489],
					"position": [-6.3683, -11.13972, -1.53687]
				},
				"camera": {
					"rotation": {
						"0.0": {
							"post": [0, 0, 0],
							"lerp_mode": "catmullrom"
						},
						"0.1667": {
							"post": [0, 0, 0],
							"lerp_mode": "catmullrom"
						},
						"0.5417": {
							"post": [8, 0, 0],
							"lerp_mode": "catmullrom"
						},
						"1.2917": {
							"post": [8, 0, 0],
							"lerp_mode": "catmullrom"
						},
						"1.6667": {
							"post": [1.01, 0, 0],
							"lerp_mode": "catmullrom"
						},
						"2.0": {
							"post": [0, 0, 0],
							"lerp_mode": "catmullrom"
						}
					}
				}
			}
		},
		"reload_tactical": {
			"animation_length": 2,
			"bones": {
				"root": {
					"rotation": {
						"0.0": {
							"post": [0, 0, 0],
							"lerp_mode": "catmullrom"
						},
						"0.125": {
							"post": [0, 0, 0],
							"lerp_mode": "catmullrom"
						},
						"0.3333": {
							"post": [15.12353, 7.24305, 1.95155],
							"lerp_mode": "catmullrom"
						},
						"0.5417": {
							"post": [38.80954, 4.01506, 19.0771],
							"lerp_mode": "catmullrom"
						},
						"0.875": {
							"post": [35.91, -0.27, 26.6],
							"lerp_mode": "catmullrom"
						},
						"1.0833": {
							"post": [42.21, 0.57, 25.56],
							"lerp_mode": "catmullrom"
						},
						"1.2083": {
							"post": [42.21, 0.57, 25.56],
							"lerp_mode": "catmullrom"
						},
						"1.3333": {
							"post": [37.45, 7, 23.54],
							"lerp_mode": "catmullrom"
						},
						"1.5": {
							"post": [34.80954, 8.01506, 19.0771],
							"lerp_mode": "catmullrom"
						},
						"1.7083": {
							"post": [15.12353, 3.24305, 1.95155],
							"lerp_mode": "catmullrom"
						},
						"1.875": {
							"post": [0, 0, 0],
							"lerp_mode": "catmullrom"
						},
						"2.0": {
							"post": [0, 0, 0],
							"lerp_mode": "catmullrom"
						}
					},
					"position": {
						"0.0": {
							"post": [0, 0, 0],
							"lerp_mode": "catmullrom"
						},
						"0.125": {
							"post": [0, 0, -2],
							"lerp_mode": "catmullrom"
						},
						"0.3333": {
							"post": [0.69459, -1.01955, -3.805],
							"lerp_mode": "catmullrom"
						},
						"0.5417": {
							"post": [-0.23731, -1.62242, -6.44917],
							"lerp_mode": "catmullrom"
						},
						"0.7917": {
							"post": [-0.32, -1.68, -6.68],
							"lerp_mode": "catmullrom"
						},
						"1.4583": {
							"post": [-0.23731, -1.62242, -6.44917],
							"lerp_mode": "catmullrom"
						},
						"1.6667": {
							"post": [-0.30541, -1.01955, -3.805],
							"lerp_mode": "catmullrom"
						},
						"1.8333": {
							"post": [0, 0, -1],
							"lerp_mode": "catmullrom"
						},
						"2.0": {
							"post": [0, 0, 0],
							"lerp_mode": "catmullrom"
						}
					}
				},
				"mag_and_lh": {
					"rotation": [0, 0, 0],
					"position": [0, 0, 0]
				},
				"lefthand": {
					"rotation": {
						"0.0": {
							"post": [99.16252, -23.16084, -164.22174],
							"lerp_mode": "catmullrom"
						},
						"0.2083": {
							"post": [99.32144, -31.50374, -190.26163],
							"lerp_mode": "catmullrom"
						},
						"0.3333": {
							"post": [43.82838, -4.53042, -205.75335],
							"lerp_mode": "catmullrom"
						},
						"0.5833": {
							"post": [100.02449, 20.40701, -192.21258],
							"lerp_mode": "catmullrom"
						},
						"0.8333": {
							"post": [164.20244, 65.71922, -250.71494],
							"lerp_mode": "catmullrom"
						},
						"0.9583": {
							"post": [164.20244, 65.71922, -250.71494],
							"lerp_mode": "catmullrom"
						},
						"1.1667": {
							"post": [103.08649, 60.38837, -314.10137],
							"lerp_mode": "catmullrom"
						},
						"1.3333": {
							"post": [103.08649, 60.38837, -314.10137],
							"lerp_mode": "catmullrom"
						},
						"1.5417": {
							"post": [-59.24959, 77.21993, -476.86571],
							"lerp_mode": "catmullrom"
						},
						"1.625": {
							"post": [114.99575, 76.10703, -280.03117],
							"lerp_mode": "catmullrom"
						},
						"1.6667": {
							"post": [136.06723, 51.27979, -239.63502],
							"lerp_mode": "catmullrom"
						},
						"1.75": {
							"post": [123.88468, 9.54264, -218.59202],
							"lerp_mode": "catmullrom"
						},
						"2.0": {
							"post": [99.16252, -23.16084, -164.22174],
							"lerp_mode": "catmullrom"
						}
					},
					"position": {
						"0.0": {
							"post": [6.93634, -12.08075, -14.53018],
							"lerp_mode": "catmullrom"
						},
						"0.2083": {
							"post": [13.12968, -13.83075, -17.28338],
							"lerp_mode": "catmullrom"
						},
						"0.3333": {
							"post": [19.9963, -28.72959, -8.63272],
							"lerp_mode": "catmullrom"
						},
						"0.5833": {
							"post": [13.54661, -21.58124, 2.89347],
							"lerp_mode": "catmullrom"
						},
						"0.8333": {
							"post": [7.47422, -9.47609, 8.34699],
							"lerp_mode": "catmullrom"
						},
						"0.9583": {
							"post": [6.64795, -8.92406, 8.23504],
							"lerp_mode": "catmullrom"
						},
						"1.1667": {
							"post": [5.4586, -10.87514, 5.60605],
							"lerp_mode": "catmullrom"
						},
						"1.3333": {
							"post": [5.4586, -10.87514, 5.60605],
							"lerp_mode": "catmullrom"
						},
						"1.5417": {
							"post": [6.64795, -8.92406, 8.23504],
							"lerp_mode": "catmullrom"
						},
						"1.75": {
							"post": [12.02538, -11.01285, -6.42385],
							"lerp_mode": "catmullrom"
						},
						"2.0": {
							"post": [6.93634, -12.08075, -14.53018],
							"lerp_mode": "catmullrom"
						}
					}
				},
				"magazine": {
					"scale": {
						"0.0": [0, 0, 0],
						"1.1667": [0, 0, 0],
						"1.2083": [1, 1, 1]
					}
				},
				"righthand": {
					"rotation": [158.23207, 30.21037, -168.90489],
					"position": [-6.3683, -11.13972, -1.53687]
				},
				"camera": {
					"rotation": {
						"0.0": {
							"post": [0, 0, 0],
							"lerp_mode": "catmullrom"
						},
						"0.1667": {
							"post": [0, 0, 0],
							"lerp_mode": "catmullrom"
						},
						"0.5417": {
							"post": [8, 0, 0],
							"lerp_mode": "catmullrom"
						},
						"1.2917": {
							"post": [8, 0, 0],
							"lerp_mode": "catmullrom"
						},
						"1.6667": {
							"post": [1.01, 0, 0],
							"lerp_mode": "catmullrom"
						},
						"2.0": {
							"post": [0, 0, 0],
							"lerp_mode": "catmullrom"
						}
					}
				}
			}
		},
		"inspect_empty": {
			"animation_length": 6.5333,
			"bones": {
				"root": {
					"rotation": {
						"0.0": {
							"post": [0, 0, 0],
							"lerp_mode": "catmullrom"
						},
						"0.3": {
							"post": [29.85354, -3.72708, 33.04009],
							"lerp_mode": "catmullrom"
						},
						"0.6667": {
							"post": [0, -55, 0],
							"lerp_mode": "catmullrom"
						},
						"2.2667": {
							"post": [0, -55, 0],
							"lerp_mode": "catmullrom"
						},
						"2.8333": {
							"post": [0, -90, 17.5],
							"lerp_mode": "catmullrom"
						},
						"4.0667": {
							"post": [0, -90, 17.5],
							"lerp_mode": "catmullrom"
						},
						"4.4667": {
							"post": [0, 0, 0],
							"lerp_mode": "catmullrom"
						},
						"5.7667": {
							"post": [0, 0, 0],
							"lerp_mode": "catmullrom"
						},
						"6.2": {
							"post": [10.71966, -7.74425, 13.80649],
							"lerp_mode": "catmullrom"
						},
						"6.5333": {
							"post": [0, 0, 0],
							"lerp_mode": "catmullrom"
						}
					},
					"position": {
						"0.0": {
							"post": [0, 0, 0],
							"lerp_mode": "catmullrom"
						},
						"0.3": {
							"post": [0, 0, -5],
							"lerp_mode": "catmullrom"
						},
						"0.6667": {
							"post": [-7.78279, 2, -7.6543],
							"lerp_mode": "catmullrom"
						},
						"2.2667": {
							"post": [-7.78279, 2, -7.6543],
							"lerp_mode": "catmullrom"
						},
						"2.8333": {
							"post": [-7.18138, 3.90743, -7.6543],
							"lerp_mode": "catmullrom"
						},
						"4.0667": {
							"post": [-7.18138, 3.90743, -7.6543],
							"lerp_mode": "catmullrom"
						},
						"4.4667": {
							"post": [0, 2.9, 0],
							"lerp_mode": "catmullrom"
						},
						"5.7667": {
							"post": [0, 2.9, 0],
							"lerp_mode": "catmullrom"
						},
						"6.2": {
							"post": [-0.96225, -0.33596, -3.07963],
							"lerp_mode": "catmullrom"
						},
						"6.5333": {
							"post": [0, 0, 0],
							"lerp_mode": "catmullrom"
						}
					}
				},
				"lefthand": {
					"rotation": {
						"0.0": {
							"post": [99.16252, -23.16084, -164.22174],
							"lerp_mode": "catmullrom"
						},
						"0.2": {
							"post": [99.32144, -31.50374, -190.26163],
							"lerp_mode": "catmullrom"
						},
						"0.3333": {
							"post": [43.82838, -4.53042, -205.75335],
							"lerp_mode": "catmullrom"
						},
						"5.7667": {
							"post": [43.82838, -4.53042, -205.75335],
							"lerp_mode": "catmullrom"
						},
						"6.5333": {
							"post": [99.16252, -23.16084, -164.22174],
							"lerp_mode": "catmullrom"
						}
					},
					"position": {
						"0.0": {
							"post": [6.93634, -12.08075, -14.53018],
							"lerp_mode": "catmullrom"
						},
						"0.2": {
							"post": [13.12968, -13.83075, -17.28338],
							"lerp_mode": "catmullrom"
						},
						"0.3333": {
							"post": [19.9963, -28.72959, -8.63272],
							"lerp_mode": "catmullrom"
						},
						"5.7667": {
							"post": [19.9963, -28.72959, -8.63272],
							"lerp_mode": "catmullrom"
						},
						"6.5333": {
							"post": [6.93634, -12.08075, -14.53018],
							"lerp_mode": "catmullrom"
						}
					}
				},
				"magazine": {
					"scale": 0
				},
				"righthand": {
					"rotation": [158.23207, 30.21037, -168.90489],
					"position": [-6.3683, -11.13972, -1.53687]
				}
			}
		},
		"inspect": {
			"animation_length": 6.5333,
			"bones": {
				"root": {
					"rotation": {
						"0.0": {
							"post": [0, 0, 0],
							"lerp_mode": "catmullrom"
						},
						"0.3": {
							"post": [29.85354, -3.72708, 33.04009],
							"lerp_mode": "catmullrom"
						},
						"0.6667": {
							"post": [0, -55, 0],
							"lerp_mode": "catmullrom"
						},
						"2.2667": {
							"post": [0, -55, 0],
							"lerp_mode": "catmullrom"
						},
						"2.8333": {
							"post": [0, -90, 17.5],
							"lerp_mode": "catmullrom"
						},
						"4.0667": {
							"post": [0, -90, 17.5],
							"lerp_mode": "catmullrom"
						},
						"4.4667": {
							"post": [0, 0, 0],
							"lerp_mode": "catmullrom"
						},
						"5.7667": {
							"post": [0, 0, 0],
							"lerp_mode": "catmullrom"
						},
						"6.2": {
							"post": [10.71966, -7.74425, 13.80649],
							"lerp_mode": "catmullrom"
						},
						"6.5333": {
							"post": [0, 0, 0],
							"lerp_mode": "catmullrom"
						}
					},
					"position": {
						"0.0": {
							"post": [0, 0, 0],
							"lerp_mode": "catmullrom"
						},
						"0.3": {
							"post": [0, 0, -5],
							"lerp_mode": "catmullrom"
						},
						"0.6667": {
							"post": [-7.78279, 2, -7.6543],
							"lerp_mode": "catmullrom"
						},
						"2.2667": {
							"post": [-7.78279, 2, -7.6543],
							"lerp_mode": "catmullrom"
						},
						"2.8333": {
							"post": [-7.18138, 3.90743, -7.6543],
							"lerp_mode": "catmullrom"
						},
						"4.0667": {
							"post": [-7.18138, 3.90743, -7.6543],
							"lerp_mode": "catmullrom"
						},
						"4.4667": {
							"post": [0, 2.9, 0],
							"lerp_mode": "catmullrom"
						},
						"5.7667": {
							"post": [0, 2.9, 0],
							"lerp_mode": "catmullrom"
						},
						"6.2": {
							"post": [-0.96225, -0.33596, -3.07963],
							"lerp_mode": "catmullrom"
						},
						"6.5333": {
							"post": [0, 0, 0],
							"lerp_mode": "catmullrom"
						}
					}
				},
				"lefthand": {
					"rotation": {
						"0.0": {
							"post": [99.16252, -23.16084, -164.22174],
							"lerp_mode": "catmullrom"
						},
						"0.2": {
							"post": [99.32144, -31.50374, -190.26163],
							"lerp_mode": "catmullrom"
						},
						"0.3333": {
							"post": [43.82838, -4.53042, -205.75335],
							"lerp_mode": "catmullrom"
						},
						"5.7667": {
							"post": [43.82838, -4.53042, -205.75335],
							"lerp_mode": "catmullrom"
						},
						"6.5333": {
							"post": [99.16252, -23.16084, -164.22174],
							"lerp_mode": "catmullrom"
						}
					},
					"position": {
						"0.0": {
							"post": [6.93634, -12.08075, -14.53018],
							"lerp_mode": "catmullrom"
						},
						"0.2": {
							"post": [13.12968, -13.83075, -17.28338],
							"lerp_mode": "catmullrom"
						},
						"0.3333": {
							"post": [19.9963, -28.72959, -8.63272],
							"lerp_mode": "catmullrom"
						},
						"5.7667": {
							"post": [19.9963, -28.72959, -8.63272],
							"lerp_mode": "catmullrom"
						},
						"6.5333": {
							"post": [6.93634, -12.08075, -14.53018],
							"lerp_mode": "catmullrom"
						}
					}
				},
				"magazine": {
					"scale": 1
				},
				"righthand": {
					"rotation": [158.23207, 30.21037, -168.90489],
					"position": [-6.3683, -11.13972, -1.53687]
				}
			}
		},
		"run_start": {
			"animation_length": 0.8333,
			"bones": {
				"root": {
					"rotation": {
						"0.0": {
							"post": [0, 0, 0],
							"lerp_mode": "catmullrom"
						},
						"0.2083": {
							"post": [4.89738, 2.06328, 5.16553],
							"lerp_mode": "catmullrom"
						},
						"0.4583": {
							"post": [-28.14177, 11.95761, -9.82993],
							"lerp_mode": "catmullrom"
						},
						"0.625": {
							"post": [-32.85858, 8.40827, -11.43492],
							"lerp_mode": "catmullrom"
						}
					},
					"position": {
						"0.0": {
							"post": [0, 0, 0],
							"lerp_mode": "catmullrom"
						},
						"0.2083": {
							"post": [0, -0.5, -2.8],
							"lerp_mode": "catmullrom"
						},
						"0.5": {
							"post": [-6, -4.31, 0],
							"lerp_mode": "catmullrom"
						},
						"0.625": {
							"post": [-6, -4.9, 0],
							"lerp_mode": "catmullrom"
						}
					}
				},
				"lefthand": {
					"rotation": {
						"0.0": {
							"post": [0, 0, 0],
							"lerp_mode": "catmullrom"
						},
						"0.2917": {
							"post": [41.7633, 15.18892, 13.16783],
							"lerp_mode": "catmullrom"
						},
						"0.8333": {
							"post": [91.76, 15.19, 13.17],
							"lerp_mode": "catmullrom"
						}
					},
					"position": {
						"0.0": {
							"post": [0, 0, 0],
							"lerp_mode": "catmullrom"
						},
						"0.2917": {
							"post": [14, -13, 18.9],
							"lerp_mode": "catmullrom"
						},
						"0.8333": {
							"post": [17, -8, 29],
							"lerp_mode": "catmullrom"
						}
					}
				},
				"magazine": {
					"scale": 0
				}
			}
		},
		"run_end": {
			"animation_length": 0.7083,
			"bones": {
				"root": {
					"rotation": {
						"0.0": {
							"post": [-32.85858, 8.40827, -11.43492],
							"lerp_mode": "catmullrom"
						},
						"0.25": {
							"post": [-28.14177, 11.95761, -9.82993],
							"lerp_mode": "catmullrom"
						},
						"0.4167": {
							"post": [4.89738, 2.06328, 5.16553],
							"lerp_mode": "catmullrom"
						},
						"0.5833": {
							"post": [0, 0, 0],
							"lerp_mode": "catmullrom"
						}
					},
					"position": {
						"0.0": {
							"post": [-6, -4.9, 0],
							"lerp_mode": "catmullrom"
						},
						"0.1667": {
							"post": [-6, -4.31, -3],
							"lerp_mode": "catmullrom"
						},
						"0.4167": {
							"post": [0, 0.1, -3],
							"lerp_mode": "catmullrom"
						},
						"0.5833": {
							"post": [0, 0, 0],
							"lerp_mode": "catmullrom"
						}
					}
				},
				"lefthand": {
					"rotation": {
						"0.0": {
							"post": [91.76, 15.19, 13.17],
							"lerp_mode": "catmullrom"
						},
						"0.4583": {
							"post": [41.7633, 15.18892, 13.16783],
							"lerp_mode": "catmullrom"
						},
						"0.7083": {
							"post": [0, 0, 0],
							"lerp_mode": "catmullrom"
						}
					},
					"position": {
						"0.0": {
							"post": [17, -8, 29],
							"lerp_mode": "catmullrom"
						},
						"0.4583": {
							"post": [14, -13, 18.9],
							"lerp_mode": "catmullrom"
						},
						"0.7083": {
							"post": [0, 0, 0],
							"lerp_mode": "catmullrom"
						}
					}
				}
			}
		},
		"run": {
			"loop": true,
			"animation_length": 0.375,
			"bones": {
				"root": {
					"rotation": {
						"0.0": {
							"post": [-32.85858, 8.40827, -11.43492],
							"lerp_mode": "catmullrom"
						},
						"0.125": {
							"post": [-31.66, 5.31, -6.01],
							"lerp_mode": "catmullrom"
						},
						"0.2917": {
							"post": [-33.65, 9.87, -15.61],
							"lerp_mode": "catmullrom"
						},
						"0.375": {
							"post": [-32.85858, 8.40827, -11.43492],
							"lerp_mode": "catmullrom"
						}
					},
					"position": {
						"0.0": {
							"post": [-6, -4.9, 0],
							"lerp_mode": "catmullrom"
						},
						"0.125": {
							"post": [-4.9, -4.5, 0.3],
							"lerp_mode": "catmullrom"
						},
						"0.25": {
							"post": [-6.75, -4.84, -0.13],
							"lerp_mode": "catmullrom"
						},
						"0.375": {
							"post": [-6, -4.9, 0],
							"lerp_mode": "catmullrom"
						}
					}
				},
				"lefthand": {
					"rotation": {
						"0.0": {
							"post": [91.76, 15.19, 13.17],
							"lerp_mode": "catmullrom"
						}
					},
					"position": {
						"0.0": {
							"post": [17, -8, 29],
							"lerp_mode": "catmullrom"
						}
					}
				}
			}
		},
		"run_hold": {
			"loop": true,
			"bones": {
				"root": {
					"rotation": {
						"0.0": {
							"post": [-32.85858, 8.40827, -11.43492],
							"lerp_mode": "catmullrom"
						}
					},
					"position": {
						"0.0": {
							"post": [-6, -4.9, 0],
							"lerp_mode": "catmullrom"
						}
					}
				},
				"magazine": {
					"scale": 0
				},
				"lefthand": {
					"rotation": {
						"0.0": {
							"post": [91.76, 15.19, 13.17],
							"lerp_mode": "catmullrom"
						}
					},
					"position": {
						"0.0": {
							"post": [17, -8, 29],
							"lerp_mode": "catmullrom"
						}
					}
				}
			}
		}
	}
}