{
	"format_version": "1.8.0",
	"animations": {
		"static_idle": {
			"loop": true,
			"bones": {
				"lefthand": {
					"rotation": [97.63122, 13.55617, -192.45742],
					"position": [17.93634, -16.08075, -3.53018]
				},
				"root": {
					"rotation": [0, 0, 0],
					"position": [0, 0, 0]
				},
				"radio": {
					"rotation": [-720, -50, -737.5],
					"position": [9, -1, -3]
				},
				"righthand": {
					"rotation": [146.60295, 15.99319, -197.78924],
					"position": [-15.3683, -14.13972, -1.53687]
				}
			}
		},
		"static_bolt_caught": {
			"loop": true,
			"bones": {
				"lefthand": {
					"rotation": [97.63122, 13.55617, -192.45742],
					"position": [17.93634, -16.08075, -3.53018]
				},
				"radio": {
					"rotation": [-720, -50, -737.5],
					"position": [9, -1, -3]
				},
				"root": {
					"rotation": [0, 0, 0],
					"position": [0, 0, 0]
				},
				"righthand": {
					"rotation": [146.60295, 15.99319, -197.78924],
					"position": [-15.3683, -14.13972, -1.53687]
				}
			}
		},
		"draw": {
			"animation_length": 1,
			"bones": {
				"lefthand": {
					"rotation": [97.63122, 13.55617, -192.45742],
					"position": [17.93634, -16.08075, -3.53018]
				},
				"righthand": {
					"rotation": [146.60295, 15.99319, -197.78924],
					"position": [-15.3683, -14.13972, -1.53687]
				},
				"gun_and_rh": {
					"rotation": {
						"0.0": {
							"post": [37.5, 17.5, 0],
							"lerp_mode": "catmullrom"
						},
						"0.4583": {
							"post": [21.98, 5.59, 0],
							"lerp_mode": "catmullrom"
						},
						"0.7083": {
							"post": [0, 0, 0],
							"lerp_mode": "catmullrom"
						},
						"0.9583": {
							"post": [0, 0, 0],
							"lerp_mode": "catmullrom"
						}
					},
					"position": {
						"0.0": {
							"post": [-4, -11, 0],
							"lerp_mode": "catmullrom"
						},
						"0.4583": {
							"post": [-1.28, 0.49, 0],
							"lerp_mode": "catmullrom"
						},
						"0.7083": {
							"post": [0, 0, 0],
							"lerp_mode": "catmullrom"
						},
						"0.9583": {
							"post": [0, 0, 0],
							"lerp_mode": "catmullrom"
						}
					}
				},
				"root": {
					"rotation": [0, 0, 0],
					"position": [0, 0, 0]
				},
				"mag_and_lh": {
					"rotation": {
						"0.0": {
							"post": [12.59784, -51.66839, 54.11421],
							"lerp_mode": "catmullrom"
						},
						"0.2917": {
							"post": [-13.12, -0.58, 15.59],
							"lerp_mode": "catmullrom"
						},
						"0.5": {
							"post": [-9.31, 4.15, 24.46],
							"lerp_mode": "catmullrom"
						},
						"0.6667": {
							"post": [0, 0, 15],
							"lerp_mode": "catmullrom"
						},
						"0.8333": {
							"post": [0, 0, -7.5],
							"lerp_mode": "catmullrom"
						},
						"1.0": {
							"post": [0, 0, 0],
							"lerp_mode": "catmullrom"
						}
					},
					"position": {
						"0.0": {
							"post": [10, -5, -3],
							"lerp_mode": "catmullrom"
						},
						"0.6667": {
							"post": [0, 0, 0],
							"lerp_mode": "catmullrom"
						},
						"0.8333": {
							"post": [0, -1, 0],
							"lerp_mode": "catmullrom"
						},
						"1.0": {
							"post": [0, 0, 0],
							"lerp_mode": "catmullrom"
						}
					}
				},
				"radio": {
					"rotation": [-720, -50, -737.5],
					"position": [9, -1, -3]
				}
			}
		},
		"put_away": {
			"animation_length": 0.9583,
			"bones": {
				"lefthand": {
					"rotation": [97.63122, 13.55617, -192.45742],
					"position": [17.93634, -16.08075, -3.53018]
				},
				"righthand": {
					"rotation": [146.60295, 15.99319, -197.78924],
					"position": [-15.3683, -14.13972, -1.53687]
				},
				"gun_and_rh": {
					"rotation": {
						"0.0": {
							"post": [0, 0, 0],
							"lerp_mode": "catmullrom"
						},
						"0.125": {
							"post": [0, 0, 0],
							"lerp_mode": "catmullrom"
						},
						"0.375": {
							"post": [21.98, 5.59, 0],
							"lerp_mode": "catmullrom"
						},
						"0.625": {
							"post": [37.5, 17.5, 0],
							"lerp_mode": "catmullrom"
						}
					},
					"position": {
						"0.0": {
							"post": [0, 0, 0],
							"lerp_mode": "catmullrom"
						},
						"0.125": {
							"post": [0, 0, 0],
							"lerp_mode": "catmullrom"
						},
						"0.375": {
							"post": [-1.28, 0.49, 0],
							"lerp_mode": "catmullrom"
						},
						"0.625": {
							"post": [-4, -11, 0],
							"lerp_mode": "catmullrom"
						}
					}
				},
				"root": {
					"rotation": [0, 0, 0],
					"position": [0, 0, 0]
				},
				"mag_and_lh": {
					"rotation": {
						"0.0": {
							"post": [0, 0, 0],
							"lerp_mode": "catmullrom"
						},
						"0.2917": {
							"post": [32.5, 12.5, 0],
							"lerp_mode": "catmullrom"
						},
						"0.5417": {
							"post": [32.5, 12.5, 0],
							"lerp_mode": "catmullrom"
						},
						"0.9583": {
							"post": [106, 12.5, 34],
							"lerp_mode": "catmullrom"
						}
					},
					"position": {
						"0.0": {
							"post": [0, 0, 0],
							"lerp_mode": "catmullrom"
						},
						"0.2917": {
							"post": [-4, -2, 4],
							"lerp_mode": "catmullrom"
						},
						"0.9583": {
							"post": [5, -17, 7],
							"lerp_mode": "catmullrom"
						}
					}
				},
				"radio": {
					"rotation": [-720, -50, -737.5],
					"position": [9, -1, -3]
				}
			}
		},
		"bolt": {
			"animation_length": 9.0667,
			"bones": {
				"mag_and_lh": {
					"rotation": {
						"0.0": {
							"post": [0, 0, 0],
							"lerp_mode": "catmullrom"
						},
						"0.3333": {
							"post": [0, -27.5, 0],
							"lerp_mode": "catmullrom"
						},
						"0.7333": {
							"post": [0, -39.5, -1],
							"lerp_mode": "catmullrom"
						},
						"0.9667": {
							"post": [0, -39.5, 1],
							"lerp_mode": "catmullrom"
						},
						"1.3333": {
							"post": [-1, -39.5, -1],
							"lerp_mode": "catmullrom"
						},
						"1.8333": {
							"post": [2, -38.5, 1],
							"lerp_mode": "catmullrom"
						},
						"2.1667": {
							"post": [0, -39.5, 1],
							"lerp_mode": "catmullrom"
						},
						"2.6": {
							"post": [-1, -39.5, -1],
							"lerp_mode": "catmullrom"
						},
						"3.1": {
							"post": [2, -38.5, 1],
							"lerp_mode": "catmullrom"
						},
						"3.4333": {
							"post": [0, -39.5, 1],
							"lerp_mode": "catmullrom"
						},
						"4.0333": {
							"post": [12.5, 32, 1],
							"lerp_mode": "catmullrom"
						},
						"4.4": {
							"post": [12.5, 38, 1],
							"lerp_mode": "catmullrom"
						},
						"4.9": {
							"post": [11.3, 36, -2.5],
							"lerp_mode": "catmullrom"
						},
						"5.2333": {
							"post": [14.5, 39.2, -1],
							"lerp_mode": "catmullrom"
						},
						"5.6667": {
							"post": [12.5, 38, 1],
							"lerp_mode": "catmullrom"
						},
						"6.1667": {
							"post": [12.8, 38, -1],
							"lerp_mode": "catmullrom"
						},
						"6.5": {
							"post": [14.5, 39.2, -1],
							"lerp_mode": "catmullrom"
						},
						"6.9": {
							"post": [11.3, 36, -2.5],
							"lerp_mode": "catmullrom"
						},
						"7.2333": {
							"post": [14.5, 39.2, -1],
							"lerp_mode": "catmullrom"
						},
						"7.6667": {
							"post": [12.5, 38, 1],
							"lerp_mode": "catmullrom"
						},
						"8.1667": {
							"post": [12.8, 38, -1],
							"lerp_mode": "catmullrom"
						},
						"8.5": {
							"post": [14.5, 39.2, -1],
							"lerp_mode": "catmullrom"
						},
						"9.0667": {
							"post": [0, 0, 0],
							"lerp_mode": "catmullrom"
						}
					},
					"position": {
						"0.0": {
							"post": [0, 0, 0],
							"lerp_mode": "catmullrom"
						},
						"0.3333": {
							"post": [-5, 0, 3],
							"lerp_mode": "catmullrom"
						},
						"0.5667": {
							"post": [-5, -0.3, 3],
							"lerp_mode": "catmullrom"
						},
						"0.9667": {
							"post": [-5, 0.1, 3],
							"lerp_mode": "catmullrom"
						},
						"1.2667": {
							"post": [-5.4, -0.3, 3],
							"lerp_mode": "catmullrom"
						},
						"1.7333": {
							"post": [-5.4, 0, 3],
							"lerp_mode": "catmullrom"
						},
						"2.1667": {
							"post": [-5, 0.1, 3],
							"lerp_mode": "catmullrom"
						},
						"2.5333": {
							"post": [-5.4, -0.3, 3],
							"lerp_mode": "catmullrom"
						},
						"3.0": {
							"post": [-5.4, 0, 3],
							"lerp_mode": "catmullrom"
						},
						"3.4333": {
							"post": [-5, 0.1, 3],
							"lerp_mode": "catmullrom"
						},
						"4.0333": {
							"post": [-4, 0.1, 7],
							"lerp_mode": "catmullrom"
						},
						"4.4": {
							"post": [-4.5, 0.3, 7.7],
							"lerp_mode": "catmullrom"
						},
						"4.8": {
							"post": [-4.4, 0, 7.8],
							"lerp_mode": "catmullrom"
						},
						"8.5": {
							"post": [-4.4, 0, 7.8],
							"lerp_mode": "catmullrom"
						},
						"9.0667": {
							"post": [0, 0, 0],
							"lerp_mode": "catmullrom"
						}
					}
				}
			}
		},
		"shoot": {
			"animation_length": 14,
			"bones": {
				"mag_and_lh": {
					"rotation": {
						"0.0": {
							"post": [0, 0, 0],
							"lerp_mode": "catmullrom"
						},
						"0.2": {
							"post": [0, -24.7, 0],
							"lerp_mode": "catmullrom"
						},
						"0.5": {
							"post": [0, -31.41, 0],
							"lerp_mode": "catmullrom"
						},
						"3.6": {
							"post": [0, -31.65, 0],
							"lerp_mode": "catmullrom"
						},
						"3.8": {
							"post": [0, -26.9, 0],
							"lerp_mode": "catmullrom"
						},
						"4.0": {
							"post": [0, 0, 0],
							"lerp_mode": "catmullrom"
						},
						"4.2": {
							"post": [11.00448, 29.96274, 4.5695],
							"lerp_mode": "catmullrom"
						},
						"4.3333": {
							"post": [13.28, 35.69, 6.25],
							"lerp_mode": "catmullrom"
						},
						"8.5": {
							"post": [13.29, 35.92, 6.34],
							"lerp_mode": "catmullrom"
						},
						"8.7333": {
							"post": [11.18, 31.15, 5.45],
							"lerp_mode": "catmullrom"
						},
						"9.0667": {
							"post": [0, 0, 0],
							"lerp_mode": "catmullrom"
						}
					},
					"position": {
						"0.0": {
							"post": [0.2, 0, 0],
							"lerp_mode": "catmullrom"
						},
						"0.2333": {
							"post": [-2.1, 0.63, -0.2],
							"lerp_mode": "catmullrom"
						},
						"0.5333": {
							"post": [-2.43, 0.63, -0.21],
							"lerp_mode": "catmullrom"
						},
						"3.6333": {
							"post": [-2.41, 0.64, -0.22],
							"lerp_mode": "catmullrom"
						},
						"3.8333": {
							"post": [-2.41, 0.64, -0.09],
							"lerp_mode": "catmullrom"
						},
						"4.0": {
							"post": [-2.4, 1.64, 0.4],
							"lerp_mode": "catmullrom"
						},
						"4.2": {
							"post": [-2.41, 1.81, 5.43],
							"lerp_mode": "catmullrom"
						},
						"4.3333": {
							"post": [-2.41, 1.81, 6.3],
							"lerp_mode": "catmullrom"
						},
						"8.5": {
							"post": [-2.42, 1.82, 6.32],
							"lerp_mode": "catmullrom"
						},
						"8.7333": {
							"post": [-2.13, 1.62, 5.26],
							"lerp_mode": "catmullrom"
						},
						"9.0667": {
							"post": [0, 0, 0],
							"lerp_mode": "catmullrom"
						}
					}
				}
			},
			"sound_effects": {
				"0.0333": {
					"effect": "bggp:asset/open_radio_click_1"
				},
				"0.0667": {
					"effect": "bggp:asset/open_radio_1"
				},
				"0.3667": {
					"effect": "bggp:asset/req_bar_dia_1"
				},
				"3.6667": {
					"effect": "bggp:asset/open_radio_1"
				},
				"3.9333": {
					"effect": "bggp:asset/open_radio_click_1"
				},
				"4.5333": {
					"effect": "bggp:asset/open_radio_click_1"
				},
				"4.5667": {
					"effect": "bggp:asset/open_radio_1"
				},
				"4.6667": {
					"effect": "bggp:asset/noise_radio_2"
				},
				"5.4": {
					"effect": "bggp:asset/art_confirm_fire_dia"
				},
				"6.5667": {
					"effect": "bggp:asset/noise_radio_2"
				},
				"8.4667": {
					"effect": "bggp:asset/open_radio_1"
				},
				"8.7333": {
					"effect": "bggp:asset/open_radio_click_1"
				},
				"9.5333": {
					"effect": "bggp:asset/explosion_far_6"
				},
				"9.9667": {
					"effect": "bggp:asset/explosion_far_3"
				},
				"10.2333": {
					"effect": "bggp:asset/explosion_far_4"
				},
				"10.3333": {
					"effect": "bggp:asset/explosion_far_2"
				},
				"10.7": {
					"effect": "bggp:asset/explosion_far_5"
				},
				"11.0": {
					"effect": "bggp:asset/explosion_far_1"
				}
			}
		},
		"reload_empty": {
			"animation_length": 11,
			"bones": {
				"root": {
					"rotation": [0, 0, 0],
					"position": [0, 0, 0]
				},
				"lefthand": {
					"rotation": [97.63122, 13.55617, -192.45742],
					"position": [17.93634, -16.08075, -3.53018]
				},
				"righthand": {
					"rotation": [146.60295, 15.99319, -197.78924],
					"position": [-15.3683, -14.13972, -1.53687]
				},
				"radio": {
					"rotation": [-720, -50, -737.5],
					"position": [9, -1, -3]
				}
			},
			"sound_effects": {
				"6.625": {
					"effect": "bggp:asset/open_radio_click_1"
				},
				"6.7083": {
					"effect": "bggp:asset/open_radio_1"
				},
				"6.9167": {
					"effect": "bggp:asset/noise_radio_2"
				},
				"7.8333": {
					"effect": "bggp:asset/art_ready_dia"
				},
				"8.7083": {
					"effect": "bggp:asset/noise_radio_2"
				},
				"10.6667": {
					"effect": "bggp:asset/open_radio_1"
				},
				"10.9167": {
					"effect": "bggp:asset/open_radio_click_1"
				}
			}
		},
		"reload_tactical": {
			"animation_length": 11,
			"bones": {
				"root": {
					"rotation": [0, 0, 0],
					"position": [0, 0, 0]
				},
				"lefthand": {
					"rotation": [97.63122, 13.55617, -192.45742],
					"position": [17.93634, -16.08075, -3.53018]
				},
				"righthand": {
					"rotation": [146.60295, 15.99319, -197.78924],
					"position": [-15.3683, -14.13972, -1.53687]
				},
				"radio": {
					"rotation": [-720, -50, -737.5],
					"position": [9, -1, -3]
				}
			},
			"sound_effects": {
				"6.625": {
					"effect": "bggp:asset/open_radio_click_1"
				},
				"6.7083": {
					"effect": "bggp:asset/open_radio_1"
				},
				"6.9167": {
					"effect": "bggp:asset/noise_radio_2"
				},
				"7.8333": {
					"effect": "bggp:asset/art_ready_dia"
				},
				"8.7083": {
					"effect": "bggp:asset/noise_radio_2"
				},
				"10.6667": {
					"effect": "bggp:asset/open_radio_1"
				},
				"10.9167": {
					"effect": "bggp:asset/open_radio_click_1"
				}
			}
		},
		"inspect_empty": {
			"animation_length": 8,
			"bones": {
				"root": {
					"rotation": [0, 0, 0],
					"position": [0, 0, 0]
				},
				"lefthand": {
					"rotation": [97.63122, 13.55617, -192.45742],
					"position": [17.93634, -16.08075, -3.53018]
				},
				"righthand": {
					"rotation": [146.60295, 15.99319, -197.78924],
					"position": [-15.3683, -14.13972, -1.53687]
				},
				"mag_and_lh": {
					"rotation": {
						"0.0": {
							"post": [0, 0, 0],
							"lerp_mode": "catmullrom"
						},
						"0.3333": {
							"post": [0, -27.5, 0],
							"lerp_mode": "catmullrom"
						},
						"0.7333": {
							"post": [0, -39.5, -1],
							"lerp_mode": "catmullrom"
						},
						"0.9667": {
							"post": [0, -39.5, 1],
							"lerp_mode": "catmullrom"
						},
						"1.3333": {
							"post": [-1, -39.5, -1],
							"lerp_mode": "catmullrom"
						},
						"1.8333": {
							"post": [2, -38.5, 1],
							"lerp_mode": "catmullrom"
						},
						"2.1333": {
							"post": [12.5, 32, 1],
							"lerp_mode": "catmullrom"
						},
						"2.5": {
							"post": [12.5, 38, 1],
							"lerp_mode": "catmullrom"
						},
						"3.0": {
							"post": [11.3, 36, -2.5],
							"lerp_mode": "catmullrom"
						},
						"3.3333": {
							"post": [14.5, 39.2, -1],
							"lerp_mode": "catmullrom"
						},
						"3.7667": {
							"post": [12.5, 38, 1],
							"lerp_mode": "catmullrom"
						},
						"4.2667": {
							"post": [12.8, 38, -1],
							"lerp_mode": "catmullrom"
						},
						"4.6": {
							"post": [14.5, 39.2, -1],
							"lerp_mode": "catmullrom"
						},
						"5.0": {
							"post": [11.3, 36, -2.5],
							"lerp_mode": "catmullrom"
						},
						"5.3333": {
							"post": [14.5, 39.2, -1],
							"lerp_mode": "catmullrom"
						},
						"5.7667": {
							"post": [12.5, 38, 1],
							"lerp_mode": "catmullrom"
						},
						"6.2667": {
							"post": [12.8, 38, -1],
							"lerp_mode": "catmullrom"
						},
						"6.6": {
							"post": [14.5, 39.2, -1],
							"lerp_mode": "catmullrom"
						},
						"7.1667": {
							"post": [0, 0, 0],
							"lerp_mode": "catmullrom"
						}
					},
					"position": {
						"0.0": {
							"post": [0, 0, 0],
							"lerp_mode": "catmullrom"
						},
						"0.3333": {
							"post": [-5, 0, 3],
							"lerp_mode": "catmullrom"
						},
						"0.5667": {
							"post": [-5, -0.3, 3],
							"lerp_mode": "catmullrom"
						},
						"0.9667": {
							"post": [-5, 0.1, 3],
							"lerp_mode": "catmullrom"
						},
						"1.2667": {
							"post": [-5.4, -0.3, 3],
							"lerp_mode": "catmullrom"
						},
						"1.7333": {
							"post": [-5.4, 0, 3],
							"lerp_mode": "catmullrom"
						},
						"2.1333": {
							"post": [-4, 0.1, 7],
							"lerp_mode": "catmullrom"
						},
						"2.5": {
							"post": [-4.5, 0.3, 7.7],
							"lerp_mode": "catmullrom"
						},
						"2.9": {
							"post": [-4.4, 0, 7.8],
							"lerp_mode": "catmullrom"
						},
						"6.6": {
							"post": [-4.4, 0, 7.8],
							"lerp_mode": "catmullrom"
						},
						"7.1667": {
							"post": [0, 0, 0],
							"lerp_mode": "catmullrom"
						}
					}
				},
				"radio": {
					"rotation": [-720, -50, -737.5],
					"position": [9, -1, -3]
				}
			},
			"sound_effects": {
				"0.0": {
					"effect": "bggp:asset/open_radio_click_1"
				},
				"0.0667": {
					"effect": "bggp:asset/open_radio_1"
				},
				"0.1333": {
					"effect": "bggp:asset/noise_radio_2"
				},
				"0.2333": {
					"effect": "bggp:asset/lol"
				},
				"2.0667": {
					"effect": "bggp:asset/noise_radio_2"
				},
				"3.8667": {
					"effect": "bggp:asset/noise_radio_2"
				},
				"5.5667": {
					"effect": "bggp:asset/noise_radio_2"
				},
				"7.4": {
					"effect": "bggp:asset/open_radio_1"
				},
				"7.6667": {
					"effect": "bggp:asset/open_radio_click_1"
				}
			}
		},
		"inspect": {
			"animation_length": 8,
			"bones": {
				"root": {
					"rotation": [0, 0, 0],
					"position": [0, 0, 0]
				},
				"lefthand": {
					"rotation": [97.63122, 13.55617, -192.45742],
					"position": [17.93634, -16.08075, -3.53018]
				},
				"righthand": {
					"rotation": [146.60295, 15.99319, -197.78924],
					"position": [-15.3683, -14.13972, -1.53687]
				},
				"mag_and_lh": {
					"rotation": {
						"0.0": {
							"post": [0, 0, 0],
							"lerp_mode": "catmullrom"
						},
						"0.3333": {
							"post": [0, -27.5, 0],
							"lerp_mode": "catmullrom"
						},
						"0.7333": {
							"post": [0, -39.5, -1],
							"lerp_mode": "catmullrom"
						},
						"0.9667": {
							"post": [0, -39.5, 1],
							"lerp_mode": "catmullrom"
						},
						"1.3333": {
							"post": [-1, -39.5, -1],
							"lerp_mode": "catmullrom"
						},
						"1.8333": {
							"post": [2, -38.5, 1],
							"lerp_mode": "catmullrom"
						},
						"2.1333": {
							"post": [12.5, 32, 1],
							"lerp_mode": "catmullrom"
						},
						"2.5": {
							"post": [12.5, 38, 1],
							"lerp_mode": "catmullrom"
						},
						"3.0": {
							"post": [11.3, 36, -2.5],
							"lerp_mode": "catmullrom"
						},
						"3.3333": {
							"post": [14.5, 39.2, -1],
							"lerp_mode": "catmullrom"
						},
						"3.7667": {
							"post": [12.5, 38, 1],
							"lerp_mode": "catmullrom"
						},
						"4.2667": {
							"post": [12.8, 38, -1],
							"lerp_mode": "catmullrom"
						},
						"4.6": {
							"post": [14.5, 39.2, -1],
							"lerp_mode": "catmullrom"
						},
						"5.0": {
							"post": [11.3, 36, -2.5],
							"lerp_mode": "catmullrom"
						},
						"5.3333": {
							"post": [14.5, 39.2, -1],
							"lerp_mode": "catmullrom"
						},
						"5.7667": {
							"post": [12.5, 38, 1],
							"lerp_mode": "catmullrom"
						},
						"6.2667": {
							"post": [12.8, 38, -1],
							"lerp_mode": "catmullrom"
						},
						"6.6": {
							"post": [14.5, 39.2, -1],
							"lerp_mode": "catmullrom"
						},
						"7.1667": {
							"post": [0, 0, 0],
							"lerp_mode": "catmullrom"
						}
					},
					"position": {
						"0.0": {
							"post": [0, 0, 0],
							"lerp_mode": "catmullrom"
						},
						"0.3333": {
							"post": [-5, 0, 3],
							"lerp_mode": "catmullrom"
						},
						"0.5667": {
							"post": [-5, -0.3, 3],
							"lerp_mode": "catmullrom"
						},
						"0.9667": {
							"post": [-5, 0.1, 3],
							"lerp_mode": "catmullrom"
						},
						"1.2667": {
							"post": [-5.4, -0.3, 3],
							"lerp_mode": "catmullrom"
						},
						"1.7333": {
							"post": [-5.4, 0, 3],
							"lerp_mode": "catmullrom"
						},
						"2.1333": {
							"post": [-4, 0.1, 7],
							"lerp_mode": "catmullrom"
						},
						"2.5": {
							"post": [-4.5, 0.3, 7.7],
							"lerp_mode": "catmullrom"
						},
						"2.9": {
							"post": [-4.4, 0, 7.8],
							"lerp_mode": "catmullrom"
						},
						"6.6": {
							"post": [-4.4, 0, 7.8],
							"lerp_mode": "catmullrom"
						},
						"7.1667": {
							"post": [0, 0, 0],
							"lerp_mode": "catmullrom"
						}
					}
				},
				"radio": {
					"rotation": [-720, -50, -737.5],
					"position": [9, -1, -3]
				}
			},
			"sound_effects": {
				"0.0": {
					"effect": "bggp:asset/open_radio_click_1"
				},
				"0.0667": {
					"effect": "bggp:asset/open_radio_1"
				},
				"0.1333": {
					"effect": "bggp:asset/noise_radio_2"
				},
				"0.2333": {
					"effect": "bggp:asset/lol"
				},
				"2.0667": {
					"effect": "bggp:asset/noise_radio_2"
				},
				"3.8667": {
					"effect": "bggp:asset/noise_radio_2"
				},
				"5.5667": {
					"effect": "bggp:asset/noise_radio_2"
				},
				"7.4": {
					"effect": "bggp:asset/open_radio_1"
				},
				"7.6667": {
					"effect": "bggp:asset/open_radio_click_1"
				}
			}
		},
		"run_start": {
			"animation_length": 0.8333,
			"bones": {
				"root": {
					"rotation": {
						"0.0": {
							"post": [0, 0, 0],
							"lerp_mode": "catmullrom"
						},
						"0.2083": {
							"post": [4.89738, 2.06328, 5.16553],
							"lerp_mode": "catmullrom"
						},
						"0.625": {
							"post": [-30.14177, 11.95761, -16.82993],
							"lerp_mode": "catmullrom"
						},
						"0.8333": {
							"post": [-32.85858, 7.40827, -11.43492],
							"lerp_mode": "catmullrom"
						}
					},
					"position": {
						"0.0": {
							"post": [0, 0, 0],
							"lerp_mode": "catmullrom"
						},
						"0.2083": {
							"post": [0, -0.5, -2.8],
							"lerp_mode": "catmullrom"
						},
						"0.5": {
							"post": [-2, -4.31, 0],
							"lerp_mode": "catmullrom"
						},
						"0.625": {
							"post": [-2, -4.9, 0],
							"lerp_mode": "catmullrom"
						}
					}
				},
				"magazine": {
					"scale": 0
				},
				"mag_and_lh": {
					"rotation": {
						"0.0": {
							"post": [0, 0, 0],
							"lerp_mode": "catmullrom"
						},
						"0.2917": {
							"post": [41.7633, 15.18892, 13.16783],
							"lerp_mode": "catmullrom"
						},
						"0.8333": {
							"post": [91.76, 15.19, 13.17],
							"lerp_mode": "catmullrom"
						}
					},
					"position": {
						"0.0": {
							"post": [0, 0, 0],
							"lerp_mode": "catmullrom"
						},
						"0.2917": {
							"post": [14, -13, 18.9],
							"lerp_mode": "catmullrom"
						},
						"0.8333": {
							"post": [17, -8, 29],
							"lerp_mode": "catmullrom"
						}
					}
				}
			}
		},
		"run_end": {
			"animation_length": 0.875,
			"bones": {
				"root": {
					"rotation": {
						"0.0": {
							"post": [-32.85858, 8.40827, -11.43492],
							"lerp_mode": "catmullrom"
						},
						"0.25": {
							"post": [-28.14177, 11.95761, -9.82993],
							"lerp_mode": "catmullrom"
						},
						"0.4167": {
							"post": [4.89738, 2.06328, 5.16553],
							"lerp_mode": "catmullrom"
						},
						"0.625": {
							"post": [0, 0, 0],
							"lerp_mode": "catmullrom"
						}
					},
					"position": {
						"0.0": {
							"post": [-2, -4.9, 0],
							"lerp_mode": "catmullrom"
						},
						"0.2083": {
							"post": [-2, -4.31, 0],
							"lerp_mode": "catmullrom"
						},
						"0.4167": {
							"post": [0, -0.5, -2.8],
							"lerp_mode": "catmullrom"
						},
						"0.625": {
							"post": [0, 0, 0],
							"lerp_mode": "catmullrom"
						}
					}
				},
				"mag_and_lh": {
					"rotation": {
						"0.0": {
							"post": [91.76, 15.19, 13.17],
							"lerp_mode": "catmullrom"
						},
						"0.1667": {
							"post": [-13.12, -0.58, 15.59],
							"lerp_mode": "catmullrom"
						},
						"0.375": {
							"post": [-9.31, 4.15, 24.46],
							"lerp_mode": "catmullrom"
						},
						"0.5417": {
							"post": [0, 0, 15],
							"lerp_mode": "catmullrom"
						},
						"0.7083": {
							"post": [0, 0, -7.5],
							"lerp_mode": "catmullrom"
						},
						"0.875": {
							"post": [0, 0, 0],
							"lerp_mode": "catmullrom"
						}
					},
					"position": {
						"0.0": {
							"post": [17, -8, 29],
							"lerp_mode": "catmullrom"
						},
						"0.5417": {
							"post": [0, 0, 0],
							"lerp_mode": "catmullrom"
						},
						"0.7083": {
							"post": [0, -1, 0],
							"lerp_mode": "catmullrom"
						},
						"0.875": {
							"post": [0, 0, 0],
							"lerp_mode": "catmullrom"
						}
					}
				}
			}
		},
		"run": {
			"loop": true,
			"animation_length": 0.375,
			"bones": {
				"root": {
					"rotation": {
						"0.0": {
							"post": [-32.85858, 8.40827, -11.43492],
							"lerp_mode": "catmullrom"
						},
						"0.125": {
							"post": [-31.66, 5.31, -6.01],
							"lerp_mode": "catmullrom"
						},
						"0.2917": {
							"post": [-33.65, 9.87, -15.61],
							"lerp_mode": "catmullrom"
						},
						"0.375": {
							"post": [-32.85858, 8.40827, -11.43492],
							"lerp_mode": "catmullrom"
						}
					},
					"position": {
						"0.0": {
							"post": [-2, -4.9, 0],
							"lerp_mode": "catmullrom"
						},
						"0.125": {
							"post": [-0.9, -4.5, 0.3],
							"lerp_mode": "catmullrom"
						},
						"0.25": {
							"post": [-2.75, -4.84, -0.13],
							"lerp_mode": "catmullrom"
						},
						"0.375": {
							"post": [-2, -4.9, 0],
							"lerp_mode": "catmullrom"
						}
					}
				},
				"mag_and_lh": {
					"rotation": {
						"0.0": {
							"post": [91.76, 15.19, 13.17],
							"lerp_mode": "catmullrom"
						}
					},
					"position": {
						"0.0": {
							"post": [17, -8, 29],
							"lerp_mode": "catmullrom"
						}
					}
				},
				"radio": {
					"rotation": [-720, -50, -737.5],
					"position": [9, -1, -3]
				}
			}
		},
		"run_hold": {
			"loop": true,
			"bones": {
				"root": {
					"rotation": {
						"0.0": {
							"post": [-32.85858, 8.40827, -11.43492],
							"lerp_mode": "catmullrom"
						}
					},
					"position": {
						"0.0": {
							"post": [-2, -4.9, 0],
							"lerp_mode": "catmullrom"
						}
					}
				},
				"mag_and_lh": {
					"rotation": {
						"0.0": {
							"post": [91.76, 15.19, 13.17],
							"lerp_mode": "catmullrom"
						}
					},
					"position": {
						"0.0": {
							"post": [17, -8, 29],
							"lerp_mode": "catmullrom"
						}
					}
				},
				"radio": {
					"rotation": [-720, -50, -737.5],
					"position": [9, -1, -3]
				}
			}
		}
	}
}