{
	"format_version": "1.12.0",
	"minecraft:geometry": [
		{
			"description": {
				"identifier": "geometry.unknown",
				"texture_width": 64,
				"texture_height": 64,
				"visible_bounds_width": 3,
				"visible_bounds_height": 3,
				"visible_bounds_offset": [0, 0.5, 0]
			},
			"bones": [
				{
					"name": "root",
					"pivot": [0, 5.43279, -0.04894],
					"rotation": [-90, 0, 0],
					"cubes": [
						{
							"origin": [-1.8, 4.70279, 4.1],
							"size": [3.6, 1.46, 11],
							"pivot": [0, 5.43279, 9.6],
							"rotation": [0, 0, -180],
							"uv": {
								"north": {"uv": [27, 2], "uv_size": [4, 1]},
								"east": {"uv": [22, 8], "uv_size": [11, 1]},
								"south": {"uv": [27, 3], "uv_size": [4, 1]},
								"west": {"uv": [22, 9], "uv_size": [11, 1]},
								"up": {"uv": [0, 0], "uv_size": [4, 11]},
								"down": {"uv": [4, 11], "uv_size": [4, -11]}
							}
						},
						{
							"origin": [-1.78898, 4.67619, 4.1],
							"size": [3.57796, 1.51321, 11],
							"pivot": [0, 5.43279, 9.6],
							"rotation": [0, 0, 135],
							"uv": {
								"north": {"uv": [6, 22], "uv_size": [4, 2]},
								"east": {"uv": [16, 0], "uv_size": [11, 2]},
								"south": {"uv": [10, 22], "uv_size": [4, 2]},
								"west": {"uv": [16, 2], "uv_size": [11, 2]},
								"up": {"uv": [8, 0], "uv_size": [4, 11]},
								"down": {"uv": [0, 22], "uv_size": [4, -11]}
							}
						},
						{
							"origin": [-1.8, 4.70279, 4.1],
							"size": [3.6, 1.46, 11],
							"pivot": [0, 5.43279, 9.6],
							"rotation": [0, 0, 90],
							"uv": {
								"north": {"uv": [27, 4], "uv_size": [4, 1]},
								"east": {"uv": [22, 10], "uv_size": [11, 1]},
								"south": {"uv": [27, 5], "uv_size": [4, 1]},
								"west": {"uv": [22, 11], "uv_size": [11, 1]},
								"up": {"uv": [4, 11], "uv_size": [4, 11]},
								"down": {"uv": [8, 22], "uv_size": [4, -11]}
							}
						},
						{
							"origin": [-1.78898, 4.67619, 4.1],
							"size": [3.57796, 1.51321, 11],
							"pivot": [0, 5.43279, 9.6],
							"rotation": [0, 0, -135],
							"uv": {
								"north": {"uv": [22, 12], "uv_size": [4, 2]},
								"east": {"uv": [16, 4], "uv_size": [11, 2]},
								"south": {"uv": [22, 14], "uv_size": [4, 2]},
								"west": {"uv": [16, 6], "uv_size": [11, 2]},
								"up": {"uv": [12, 0], "uv_size": [4, 11]},
								"down": {"uv": [12, 22], "uv_size": [4, -11]}
							}
						},
						{
							"origin": [-1.7, 4.73279, -0.9],
							"size": [3.4, 1.4, 5],
							"pivot": [0, 5.43279, 2.1],
							"rotation": [0, 0, 90],
							"uv": {
								"north": {"uv": [4, 32], "uv_size": [3, 1]},
								"east": {"uv": [26, 14], "uv_size": [5, 1]},
								"south": {"uv": [7, 32], "uv_size": [3, 1]},
								"west": {"uv": [26, 15], "uv_size": [5, 1]},
								"up": {"uv": [16, 8], "uv_size": [3, 5]},
								"down": {"uv": [16, 18], "uv_size": [3, -5]}
							}
						},
						{
							"origin": [-1.69706, 4.72568, -0.9],
							"size": [3.39411, 1.41421, 5],
							"pivot": [0, 5.43279, 2.1],
							"rotation": [0, 0, 135],
							"uv": {
								"north": {"uv": [10, 32], "uv_size": [3, 1]},
								"east": {"uv": [22, 26], "uv_size": [5, 1]},
								"south": {"uv": [13, 32], "uv_size": [3, 1]},
								"west": {"uv": [26, 24], "uv_size": [5, 1]},
								"up": {"uv": [16, 18], "uv_size": [3, 5]},
								"down": {"uv": [19, 13], "uv_size": [3, -5]}
							}
						},
						{
							"origin": [-1.69706, 4.72568, -0.9],
							"size": [3.39411, 1.41421, 5],
							"pivot": [0, 5.43279, 2.1],
							"rotation": [0, 0, -135],
							"uv": {
								"north": {"uv": [16, 32], "uv_size": [3, 1]},
								"east": {"uv": [26, 25], "uv_size": [5, 1]},
								"south": {"uv": [19, 32], "uv_size": [3, 1]},
								"west": {"uv": [0, 27], "uv_size": [5, 1]},
								"up": {"uv": [19, 13], "uv_size": [3, 5]},
								"down": {"uv": [19, 23], "uv_size": [3, -5]}
							}
						},
						{
							"origin": [-1.7, 4.73279, -0.9],
							"size": [3.4, 1.4, 5],
							"pivot": [0, 5.43279, 2.1],
							"rotation": [0, 0, -180],
							"uv": {
								"north": {"uv": [32, 20], "uv_size": [3, 1]},
								"east": {"uv": [27, 0], "uv_size": [5, 1]},
								"south": {"uv": [32, 21], "uv_size": [3, 1]},
								"west": {"uv": [27, 1], "uv_size": [5, 1]},
								"up": {"uv": [0, 22], "uv_size": [3, 5]},
								"down": {"uv": [3, 27], "uv_size": [3, -5]}
							}
						},
						{
							"origin": [0, 6.02863, -7.25711],
							"size": [0.6, 0.4, 2.2],
							"pivot": [0, 6.22863, -6.15711],
							"rotation": [0, -16, 90],
							"uv": {
								"north": {"uv": [7, 35], "uv_size": [1, 1]},
								"east": {"uv": [14, 26], "uv_size": [2, 1]},
								"south": {"uv": [35, 7], "uv_size": [1, 1]},
								"west": {"uv": [8, 31], "uv_size": [2, 1]},
								"up": {"uv": [4, 29], "uv_size": [1, 2]},
								"down": {"uv": [22, 33], "uv_size": [1, -2]}
							}
						},
						{
							"origin": [0, 4.43695, -7.25711],
							"size": [0.6, 0.4, 2.2],
							"pivot": [0, 4.63695, -6.15711],
							"rotation": [0, -16, -90],
							"uv": {
								"north": {"uv": [8, 35], "uv_size": [1, 1]},
								"east": {"uv": [32, 22], "uv_size": [2, 1]},
								"south": {"uv": [35, 8], "uv_size": [1, 1]},
								"west": {"uv": [23, 32], "uv_size": [2, 1]},
								"up": {"uv": [0, 32], "uv_size": [1, 2]},
								"down": {"uv": [25, 34], "uv_size": [1, -2]}
							}
						},
						{
							"origin": [-0.76501, 5.23279, -7.03775],
							"size": [0.6, 0.4, 2.2],
							"pivot": [0, 5.43279, -6.15711],
							"rotation": [0, -16, 135],
							"uv": {
								"north": {"uv": [9, 35], "uv_size": [1, 1]},
								"east": {"uv": [32, 23], "uv_size": [2, 1]},
								"south": {"uv": [35, 9], "uv_size": [1, 1]},
								"west": {"uv": [26, 32], "uv_size": [2, 1]},
								"up": {"uv": [32, 27], "uv_size": [1, 2]},
								"down": {"uv": [28, 34], "uv_size": [1, -2]}
							}
						},
						{
							"origin": [-0.76501, 5.23279, -7.03775],
							"size": [0.6, 0.4, 2.2],
							"pivot": [0, 5.43279, -6.15711],
							"rotation": [0, -16, -45],
							"uv": {
								"north": {"uv": [35, 10], "uv_size": [1, 1]},
								"east": {"uv": [29, 32], "uv_size": [2, 1]},
								"south": {"uv": [35, 11], "uv_size": [1, 1]},
								"west": {"uv": [32, 29], "uv_size": [2, 1]},
								"up": {"uv": [31, 32], "uv_size": [1, 2]},
								"down": {"uv": [32, 34], "uv_size": [1, -2]}
							}
						},
						{
							"origin": [-0.7178, 5.17279, -7.03455],
							"size": [0.53, 0.52, 2.2],
							"pivot": [0, 5.43279, -6.07442],
							"rotation": [0, -16, 160],
							"uv": {
								"north": {"uv": [12, 35], "uv_size": [1, 1]},
								"east": {"uv": [32, 30], "uv_size": [2, 1]},
								"south": {"uv": [13, 35], "uv_size": [1, 1]},
								"west": {"uv": [1, 33], "uv_size": [2, 1]},
								"up": {"uv": [3, 33], "uv_size": [1, 2]},
								"down": {"uv": [4, 35], "uv_size": [1, -2]}
							}
						},
						{
							"origin": [-0.7178, 5.17279, -7.03455],
							"size": [0.53, 0.52, 2.2],
							"pivot": [0, 5.43279, -6.07442],
							"rotation": [0, -16, -20],
							"uv": {
								"north": {"uv": [35, 14], "uv_size": [1, 1]},
								"east": {"uv": [5, 33], "uv_size": [2, 1]},
								"south": {"uv": [35, 15], "uv_size": [1, 1]},
								"west": {"uv": [7, 33], "uv_size": [2, 1]},
								"up": {"uv": [33, 8], "uv_size": [1, 2]},
								"down": {"uv": [9, 35], "uv_size": [1, -2]}
							}
						},
						{
							"origin": [-0.7178, 5.17279, -7.03455],
							"size": [0.53, 0.52, 2.2],
							"pivot": [0, 5.43279, -6.07442],
							"rotation": [0, -16, 115],
							"uv": {
								"north": {"uv": [16, 35], "uv_size": [1, 1]},
								"east": {"uv": [10, 33], "uv_size": [2, 1]},
								"south": {"uv": [17, 35], "uv_size": [1, 1]},
								"west": {"uv": [33, 10], "uv_size": [2, 1]},
								"up": {"uv": [12, 33], "uv_size": [1, 2]},
								"down": {"uv": [13, 35], "uv_size": [1, -2]}
							}
						},
						{
							"origin": [-0.7178, 5.17279, -7.03455],
							"size": [0.53, 0.52, 2.2],
							"pivot": [0, 5.43279, -6.07442],
							"rotation": [0, -16, -65],
							"uv": {
								"north": {"uv": [18, 35], "uv_size": [1, 1]},
								"east": {"uv": [33, 11], "uv_size": [2, 1]},
								"south": {"uv": [35, 18], "uv_size": [1, 1]},
								"west": {"uv": [14, 33], "uv_size": [2, 1]},
								"up": {"uv": [16, 33], "uv_size": [1, 2]},
								"down": {"uv": [33, 18], "uv_size": [1, -2]}
							}
						},
						{
							"origin": [-1.1, 4.98279, -5.1],
							"size": [2.2, 0.9, 4.2],
							"pivot": [0, 5.43279, -2.6],
							"rotation": [0, 0, 90],
							"uv": {
								"north": {"uv": [17, 33], "uv_size": [2, 1]},
								"east": {"uv": [27, 6], "uv_size": [4, 1]},
								"south": {"uv": [33, 18], "uv_size": [2, 1]},
								"west": {"uv": [27, 7], "uv_size": [4, 1]},
								"up": {"uv": [14, 22], "uv_size": [2, 4]},
								"down": {"uv": [22, 20], "uv_size": [2, -4]}
							}
						},
						{
							"origin": [-1.39142, 4.98279, -4.92578],
							"size": [0.6, 0.9, 4.3],
							"pivot": [0, 5.43279, -2.92917],
							"rotation": [0, -8, 90],
							"uv": {
								"north": {"uv": [35, 19], "uv_size": [1, 1]},
								"east": {"uv": [14, 27], "uv_size": [4, 1]},
								"south": {"uv": [20, 35], "uv_size": [1, 1]},
								"west": {"uv": [18, 27], "uv_size": [4, 1]},
								"up": {"uv": [5, 27], "uv_size": [1, 4]},
								"down": {"uv": [22, 31], "uv_size": [1, -4]}
							}
						},
						{
							"origin": [-1.39142, 4.98279, -4.92578],
							"size": [0.6, 0.9, 4.3],
							"pivot": [0, 5.43279, -2.92917],
							"rotation": [0, -8, 180],
							"uv": {
								"north": {"uv": [35, 20], "uv_size": [1, 1]},
								"east": {"uv": [23, 27], "uv_size": [4, 1]},
								"south": {"uv": [21, 35], "uv_size": [1, 1]},
								"west": {"uv": [27, 26], "uv_size": [4, 1]},
								"up": {"uv": [27, 27], "uv_size": [1, 4]},
								"down": {"uv": [0, 32], "uv_size": [1, -4]}
							}
						},
						{
							"origin": [-1.39142, 4.98279, -4.92578],
							"size": [0.6, 0.9, 4.3],
							"pivot": [0, 5.43279, -2.92917],
							"rotation": [0, -8, 0],
							"uv": {
								"north": {"uv": [35, 21], "uv_size": [1, 1]},
								"east": {"uv": [1, 28], "uv_size": [4, 1]},
								"south": {"uv": [35, 22], "uv_size": [1, 1]},
								"west": {"uv": [6, 28], "uv_size": [4, 1]},
								"up": {"uv": [10, 28], "uv_size": [1, 4]},
								"down": {"uv": [11, 32], "uv_size": [1, -4]}
							}
						},
						{
							"origin": [-1.39142, 4.98279, -4.92578],
							"size": [0.6, 0.9, 4.3],
							"pivot": [0, 5.43279, -2.92917],
							"rotation": [0, -8, -90],
							"uv": {
								"north": {"uv": [23, 35], "uv_size": [1, 1]},
								"east": {"uv": [12, 28], "uv_size": [4, 1]},
								"south": {"uv": [35, 23], "uv_size": [1, 1]},
								"west": {"uv": [16, 28], "uv_size": [4, 1]},
								"up": {"uv": [28, 16], "uv_size": [1, 4]},
								"down": {"uv": [20, 32], "uv_size": [1, -4]}
							}
						},
						{
							"origin": [-1.39142, 4.98279, -4.92578],
							"size": [0.6, 0.9, 4.3],
							"pivot": [0, 5.43279, -2.92917],
							"rotation": [0, -8, -135],
							"uv": {
								"north": {"uv": [24, 35], "uv_size": [1, 1]},
								"east": {"uv": [28, 20], "uv_size": [4, 1]},
								"south": {"uv": [35, 24], "uv_size": [1, 1]},
								"west": {"uv": [28, 21], "uv_size": [4, 1]},
								"up": {"uv": [21, 28], "uv_size": [1, 4]},
								"down": {"uv": [23, 32], "uv_size": [1, -4]}
							}
						},
						{
							"origin": [-1.39142, 4.98279, -4.92578],
							"size": [0.6, 0.9, 4.3],
							"pivot": [0, 5.43279, -2.92917],
							"rotation": [0, -8, 135],
							"uv": {
								"north": {"uv": [25, 35], "uv_size": [1, 1]},
								"east": {"uv": [28, 22], "uv_size": [4, 1]},
								"south": {"uv": [35, 25], "uv_size": [1, 1]},
								"west": {"uv": [28, 23], "uv_size": [4, 1]},
								"up": {"uv": [24, 28], "uv_size": [1, 4]},
								"down": {"uv": [25, 32], "uv_size": [1, -4]}
							}
						},
						{
							"origin": [-1.39142, 4.98279, -4.92578],
							"size": [0.6, 0.9, 4.3],
							"pivot": [0, 5.43279, -2.92917],
							"rotation": [0, -8, 45],
							"uv": {
								"north": {"uv": [26, 35], "uv_size": [1, 1]},
								"east": {"uv": [28, 27], "uv_size": [4, 1]},
								"south": {"uv": [35, 26], "uv_size": [1, 1]},
								"west": {"uv": [28, 28], "uv_size": [4, 1]},
								"up": {"uv": [26, 28], "uv_size": [1, 4]},
								"down": {"uv": [1, 33], "uv_size": [1, -4]}
							}
						},
						{
							"origin": [-1.39142, 4.98279, -4.92578],
							"size": [0.6, 0.9, 4.3],
							"pivot": [0, 5.43279, -2.92917],
							"rotation": [0, -8, -45],
							"uv": {
								"north": {"uv": [35, 27], "uv_size": [1, 1]},
								"east": {"uv": [6, 29], "uv_size": [4, 1]},
								"south": {"uv": [35, 28], "uv_size": [1, 1]},
								"west": {"uv": [12, 29], "uv_size": [4, 1]},
								"up": {"uv": [2, 29], "uv_size": [1, 4]},
								"down": {"uv": [3, 33], "uv_size": [1, -4]}
							}
						},
						{
							"origin": [-1.39142, 5.23279, -4.92578],
							"size": [0, 0.4, 4.3],
							"pivot": [0, 5.43279, -2.92917],
							"rotation": [0, -8, 112.5],
							"uv": {
								"north": {"uv": [0, 0], "uv_size": [0, 1]},
								"east": {"uv": [16, 29], "uv_size": [4, 1]},
								"south": {"uv": [0, 0], "uv_size": [0, 1]},
								"west": {"uv": [29, 16], "uv_size": [4, 1]},
								"up": {"uv": [0, 0], "uv_size": [0, 4]},
								"down": {"uv": [0, 4], "uv_size": [0, -4]}
							}
						},
						{
							"origin": [-1.39142, 5.23279, -4.92578],
							"size": [0, 0.4, 4.3],
							"pivot": [0, 5.43279, -2.92917],
							"rotation": [0, -8, 157.5],
							"uv": {
								"north": {"uv": [0, 0], "uv_size": [0, 1]},
								"east": {"uv": [29, 17], "uv_size": [4, 1]},
								"south": {"uv": [0, 0], "uv_size": [0, 1]},
								"west": {"uv": [29, 18], "uv_size": [4, 1]},
								"up": {"uv": [0, 0], "uv_size": [0, 4]},
								"down": {"uv": [0, 4], "uv_size": [0, -4]}
							}
						},
						{
							"origin": [-1.39142, 5.23279, -4.92578],
							"size": [0, 0.4, 4.3],
							"pivot": [0, 5.43279, -2.92917],
							"rotation": [0, -8, -157.5],
							"uv": {
								"north": {"uv": [0, 0], "uv_size": [0, 1]},
								"east": {"uv": [29, 19], "uv_size": [4, 1]},
								"south": {"uv": [0, 0], "uv_size": [0, 1]},
								"west": {"uv": [28, 29], "uv_size": [4, 1]},
								"up": {"uv": [0, 0], "uv_size": [0, 4]},
								"down": {"uv": [0, 4], "uv_size": [0, -4]}
							}
						},
						{
							"origin": [-1.39142, 5.23279, -4.92578],
							"size": [0, 0.4, 4.3],
							"pivot": [0, 5.43279, -2.92917],
							"rotation": [0, -8, -112.5],
							"uv": {
								"north": {"uv": [0, 0], "uv_size": [0, 1]},
								"east": {"uv": [6, 30], "uv_size": [4, 1]},
								"south": {"uv": [0, 0], "uv_size": [0, 1]},
								"west": {"uv": [12, 30], "uv_size": [4, 1]},
								"up": {"uv": [0, 0], "uv_size": [0, 4]},
								"down": {"uv": [0, 4], "uv_size": [0, -4]}
							}
						},
						{
							"origin": [-1.39142, 5.23279, -4.92578],
							"size": [0, 0.4, 4.3],
							"pivot": [0, 5.43279, -2.92917],
							"rotation": [0, -8, -67.5],
							"uv": {
								"north": {"uv": [0, 0], "uv_size": [0, 1]},
								"east": {"uv": [30, 12], "uv_size": [4, 1]},
								"south": {"uv": [0, 0], "uv_size": [0, 1]},
								"west": {"uv": [30, 13], "uv_size": [4, 1]},
								"up": {"uv": [0, 0], "uv_size": [0, 4]},
								"down": {"uv": [0, 4], "uv_size": [0, -4]}
							}
						},
						{
							"origin": [-1.39142, 5.23279, -4.92578],
							"size": [0, 0.4, 4.3],
							"pivot": [0, 5.43279, -2.92917],
							"rotation": [0, -8, -22.5],
							"uv": {
								"north": {"uv": [0, 0], "uv_size": [0, 1]},
								"east": {"uv": [16, 30], "uv_size": [4, 1]},
								"south": {"uv": [0, 0], "uv_size": [0, 1]},
								"west": {"uv": [28, 30], "uv_size": [4, 1]},
								"up": {"uv": [0, 0], "uv_size": [0, 4]},
								"down": {"uv": [0, 4], "uv_size": [0, -4]}
							}
						},
						{
							"origin": [-1.39142, 5.23279, -4.92578],
							"size": [0, 0.4, 4.3],
							"pivot": [0, 5.43279, -2.92917],
							"rotation": [0, -8, 22.5],
							"uv": {
								"north": {"uv": [0, 0], "uv_size": [0, 1]},
								"east": {"uv": [31, 2], "uv_size": [4, 1]},
								"south": {"uv": [0, 0], "uv_size": [0, 1]},
								"west": {"uv": [31, 3], "uv_size": [4, 1]},
								"up": {"uv": [0, 0], "uv_size": [0, 4]},
								"down": {"uv": [0, 4], "uv_size": [0, -4]}
							}
						},
						{
							"origin": [-1.39142, 5.23279, -4.92578],
							"size": [0, 0.4, 4.3],
							"pivot": [0, 5.43279, -2.92917],
							"rotation": [0, -8, 67.5],
							"uv": {
								"north": {"uv": [0, 0], "uv_size": [0, 1]},
								"east": {"uv": [4, 31], "uv_size": [4, 1]},
								"south": {"uv": [0, 0], "uv_size": [0, 1]},
								"west": {"uv": [31, 4], "uv_size": [4, 1]},
								"up": {"uv": [0, 0], "uv_size": [0, 4]},
								"down": {"uv": [0, 4], "uv_size": [0, -4]}
							}
						},
						{
							"origin": [-1.1, 4.98279, -5.1],
							"size": [2.2, 0.9, 4.2],
							"pivot": [0, 5.43279, -2.6],
							"rotation": [0, 0, -180],
							"uv": {
								"north": {"uv": [19, 33], "uv_size": [2, 1]},
								"east": {"uv": [31, 5], "uv_size": [4, 1]},
								"south": {"uv": [33, 19], "uv_size": [2, 1]},
								"west": {"uv": [31, 6], "uv_size": [4, 1]},
								"up": {"uv": [22, 20], "uv_size": [2, 4]},
								"down": {"uv": [16, 27], "uv_size": [2, -4]}
							}
						},
						{
							"origin": [-1.09602, 4.97317, -5.1],
							"size": [2.19203, 0.91924, 4.2],
							"pivot": [0, 5.43279, -2.6],
							"rotation": [0, 0, 135],
							"uv": {
								"north": {"uv": [21, 33], "uv_size": [2, 1]},
								"east": {"uv": [31, 7], "uv_size": [4, 1]},
								"south": {"uv": [23, 33], "uv_size": [2, 1]},
								"west": {"uv": [12, 31], "uv_size": [4, 1]},
								"up": {"uv": [18, 23], "uv_size": [2, 4]},
								"down": {"uv": [20, 27], "uv_size": [2, -4]}
							}
						},
						{
							"origin": [-1.09602, 4.97317, -5.1],
							"size": [2.19203, 0.91924, 4.2],
							"pivot": [0, 5.43279, -2.6],
							"rotation": [0, 0, 45],
							"uv": {
								"north": {"uv": [26, 33], "uv_size": [2, 1]},
								"east": {"uv": [31, 14], "uv_size": [4, 1]},
								"south": {"uv": [33, 27], "uv_size": [2, 1]},
								"west": {"uv": [31, 15], "uv_size": [4, 1]},
								"up": {"uv": [6, 24], "uv_size": [2, 4]},
								"down": {"uv": [8, 28], "uv_size": [2, -4]}
							}
						},
						{
							"origin": [-1.9, 4.64279, 15.1],
							"size": [3.8, 1.58, 0.3],
							"uv": {
								"north": {"uv": [10, 24], "uv_size": [4, 2]},
								"east": {"uv": [29, 33], "uv_size": [1, 2]},
								"south": {"uv": [24, 16], "uv_size": [4, 2]},
								"west": {"uv": [30, 33], "uv_size": [1, 2]},
								"up": {"uv": [16, 31], "uv_size": [4, 1]},
								"down": {"uv": [31, 25], "uv_size": [4, -1]}
							}
						},
						{
							"origin": [-1.90212, 4.6479, 15.1],
							"size": [3.80423, 1.56978, 0.3],
							"pivot": [0, 5.43279, 15.25],
							"rotation": [0, 0, -45],
							"uv": {
								"north": {"uv": [24, 18], "uv_size": [4, 2]},
								"east": {"uv": [33, 32], "uv_size": [1, 2]},
								"south": {"uv": [24, 20], "uv_size": [4, 2]},
								"west": {"uv": [0, 34], "uv_size": [1, 2]},
								"up": {"uv": [31, 25], "uv_size": [4, 1]},
								"down": {"uv": [31, 27], "uv_size": [4, -1]}
							}
						},
						{
							"origin": [-1.9, 4.64279, 15.1],
							"size": [3.8, 1.58, 0.3],
							"pivot": [0, 5.43279, 15.25],
							"rotation": [0, 0, 90],
							"uv": {
								"north": {"uv": [22, 24], "uv_size": [4, 2]},
								"east": {"uv": [1, 34], "uv_size": [1, 2]},
								"south": {"uv": [24, 22], "uv_size": [4, 2]},
								"west": {"uv": [2, 34], "uv_size": [1, 2]},
								"up": {"uv": [27, 31], "uv_size": [4, 1]},
								"down": {"uv": [31, 32], "uv_size": [4, -1]}
							}
						},
						{
							"origin": [-1.90212, 4.6479, 15.1],
							"size": [3.80423, 1.56978, 0.3],
							"pivot": [0, 5.43279, 15.25],
							"rotation": [0, 0, 45],
							"uv": {
								"north": {"uv": [10, 26], "uv_size": [4, 2]},
								"east": {"uv": [5, 34], "uv_size": [1, 2]},
								"south": {"uv": [26, 12], "uv_size": [4, 2]},
								"west": {"uv": [6, 34], "uv_size": [1, 2]},
								"up": {"uv": [32, 0], "uv_size": [4, 1]},
								"down": {"uv": [32, 2], "uv_size": [4, -1]}
							}
						}
					]
				},
				{
					"name": "barrel4",
					"parent": "root",
					"pivot": [0, 5.43279, -6.0696],
					"rotation": [0, 0, 90],
					"cubes": [
						{
							"origin": [-0.55127, 6.02863, -7.17964],
							"size": [0.6, 0.4, 2.2],
							"pivot": [0, 6.22863, -4.15711],
							"rotation": [0, -16, 90],
							"uv": {
								"north": {"uv": [29, 35], "uv_size": [1, 1]},
								"east": {"uv": [33, 28], "uv_size": [2, 1]},
								"south": {"uv": [30, 35], "uv_size": [1, 1]},
								"west": {"uv": [7, 34], "uv_size": [2, 1]},
								"up": {"uv": [34, 8], "uv_size": [1, 2]},
								"down": {"uv": [10, 36], "uv_size": [1, -2]}
							}
						},
						{
							"origin": [-0.55127, 4.43695, -7.17964],
							"size": [0.6, 0.4, 2.2],
							"pivot": [0, 4.63695, -4.15711],
							"rotation": [0, -16, -90],
							"uv": {
								"north": {"uv": [35, 31], "uv_size": [1, 1]},
								"east": {"uv": [34, 12], "uv_size": [2, 1]},
								"south": {"uv": [33, 35], "uv_size": [1, 1]},
								"west": {"uv": [34, 13], "uv_size": [2, 1]},
								"up": {"uv": [11, 34], "uv_size": [1, 2]},
								"down": {"uv": [14, 36], "uv_size": [1, -2]}
							}
						},
						{
							"origin": [-1.31628, 5.23279, -6.96027],
							"size": [0.6, 0.4, 2.2],
							"pivot": [0, 5.43279, -4.15711],
							"rotation": [0, -16, 135],
							"uv": {
								"north": {"uv": [34, 35], "uv_size": [1, 1]},
								"east": {"uv": [34, 16], "uv_size": [2, 1]},
								"south": {"uv": [35, 34], "uv_size": [1, 1]},
								"west": {"uv": [17, 34], "uv_size": [2, 1]},
								"up": {"uv": [15, 34], "uv_size": [1, 2]},
								"down": {"uv": [19, 36], "uv_size": [1, -2]}
							}
						},
						{
							"origin": [-1.31628, 5.23279, -6.96027],
							"size": [0.6, 0.4, 2.2],
							"pivot": [0, 5.43279, -4.15711],
							"rotation": [0, -16, -45],
							"uv": {
								"north": {"uv": [35, 35], "uv_size": [1, 1]},
								"east": {"uv": [34, 17], "uv_size": [2, 1]},
								"south": {"uv": [0, 36], "uv_size": [1, 1]},
								"west": {"uv": [20, 34], "uv_size": [2, 1]},
								"up": {"uv": [22, 34], "uv_size": [1, 2]},
								"down": {"uv": [34, 24], "uv_size": [1, -2]}
							}
						},
						{
							"origin": [-1.26908, 5.17279, -6.95707],
							"size": [0.53, 0.52, 2.2],
							"pivot": [0, 5.43279, -4.07442],
							"rotation": [0, -16, 160],
							"uv": {
								"north": {"uv": [36, 0], "uv_size": [1, 1]},
								"east": {"uv": [23, 34], "uv_size": [2, 1]},
								"south": {"uv": [1, 36], "uv_size": [1, 1]},
								"west": {"uv": [25, 34], "uv_size": [2, 1]},
								"up": {"uv": [27, 34], "uv_size": [1, 2]},
								"down": {"uv": [28, 36], "uv_size": [1, -2]}
							}
						},
						{
							"origin": [-1.26908, 5.17279, -6.95707],
							"size": [0.53, 0.52, 2.2],
							"pivot": [0, 5.43279, -4.07442],
							"rotation": [0, -16, -20],
							"uv": {
								"north": {"uv": [36, 1], "uv_size": [1, 1]},
								"east": {"uv": [34, 29], "uv_size": [2, 1]},
								"south": {"uv": [2, 36], "uv_size": [1, 1]},
								"west": {"uv": [34, 30], "uv_size": [2, 1]},
								"up": {"uv": [31, 34], "uv_size": [1, 2]},
								"down": {"uv": [32, 36], "uv_size": [1, -2]}
							}
						},
						{
							"origin": [-1.26908, 5.17279, -6.95707],
							"size": [0.53, 0.52, 2.2],
							"pivot": [0, 5.43279, -4.07442],
							"rotation": [0, -16, -65],
							"uv": {
								"north": {"uv": [36, 2], "uv_size": [1, 1]},
								"east": {"uv": [34, 32], "uv_size": [2, 1]},
								"south": {"uv": [36, 3], "uv_size": [1, 1]},
								"west": {"uv": [33, 34], "uv_size": [2, 1]},
								"up": {"uv": [35, 2], "uv_size": [1, 2]},
								"down": {"uv": [3, 37], "uv_size": [1, -2]}
							}
						},
						{
							"origin": [-1.26908, 5.17279, -6.95707],
							"size": [0.53, 0.52, 2.2],
							"pivot": [0, 5.43279, -4.07442],
							"rotation": [0, -16, 115],
							"uv": {
								"north": {"uv": [5, 36], "uv_size": [1, 1]},
								"east": {"uv": [34, 33], "uv_size": [2, 1]},
								"south": {"uv": [36, 5], "uv_size": [1, 1]},
								"west": {"uv": [35, 4], "uv_size": [2, 1]},
								"up": {"uv": [4, 35], "uv_size": [1, 2]},
								"down": {"uv": [35, 7], "uv_size": [1, -2]}
							}
						}
					]
				}
			]
		}
	]
}