{
	"format_version": "1.12.0",
	"minecraft:geometry": [
		{
			"description": {
				"identifier": "geometry.unknown",
				"texture_width": 64,
				"texture_height": 64,
				"visible_bounds_width": 4,
				"visible_bounds_height": 4,
				"visible_bounds_offset": [0, 1, 0]
			},
			"bones": [
				{
					"name": "bullet",
					"pivot": [0, 1, 0],
					"rotation": [-90, 0, 0],
					"cubes": [
						{
							"origin": [-3.26, 0.28927, 10.5825],
							"size": [6.3, 2.54, 3],
							"pivot": [-0.01, 1.55927, 12.5825],
							"rotation": [0, 0, -90],
							"uv": {
								"north": {"uv": [32, 34], "uv_size": [6, 3]},
								"east": {"uv": [21, 39], "uv_size": [3, 3]},
								"south": {"uv": [0, 36], "uv_size": [6, 3]},
								"west": {"uv": [27, 43], "uv_size": [3, 3]},
								"up": {"uv": [6, 36], "uv_size": [6, 3]},
								"down": {"uv": [12, 39], "uv_size": [6, -3]}
							}
						},
						{
							"origin": [-3.16, 0.18927, 10.5825],
							"size": [6.3, 2.54, 3],
							"pivot": [-0.01, 1.45927, 12.0825],
							"rotation": [0, 0, -180],
							"uv": {
								"north": {"uv": [36, 16], "uv_size": [6, 3]},
								"east": {"uv": [6, 44], "uv_size": [3, 3]},
								"south": {"uv": [18, 36], "uv_size": [6, 3]},
								"west": {"uv": [44, 36], "uv_size": [3, 3]},
								"up": {"uv": [36, 19], "uv_size": [6, 3]},
								"down": {"uv": [36, 25], "uv_size": [6, -3]}
							}
						},
						{
							"origin": [-3.13541, 0.12991, 10.5825],
							"size": [6.25082, 2.65872, 3],
							"pivot": [-0.01, 1.45927, 12.0825],
							"rotation": [0, 0, -135],
							"uv": {
								"north": {"uv": [36, 25], "uv_size": [6, 3]},
								"east": {"uv": [42, 44], "uv_size": [3, 3]},
								"south": {"uv": [36, 28], "uv_size": [6, 3]},
								"west": {"uv": [9, 45], "uv_size": [3, 3]},
								"up": {"uv": [36, 31], "uv_size": [6, 3]},
								"down": {"uv": [32, 40], "uv_size": [6, -3]}
							}
						},
						{
							"origin": [-3.13541, 0.12991, 10.5825],
							"size": [6.25082, 2.65872, 3],
							"pivot": [-0.01, 1.45927, 12.0825],
							"rotation": [0, 0, 135],
							"uv": {
								"north": {"uv": [38, 34], "uv_size": [6, 3]},
								"east": {"uv": [12, 45], "uv_size": [3, 3]},
								"south": {"uv": [38, 37], "uv_size": [6, 3]},
								"west": {"uv": [15, 45], "uv_size": [3, 3]},
								"up": {"uv": [0, 39], "uv_size": [6, 3]},
								"down": {"uv": [6, 42], "uv_size": [6, -3]}
							}
						},
						{
							"origin": [-2.86, 0.37927, -7.4175],
							"size": [5.7, 2.36, 18],
							"pivot": [-0.01, 1.55927, 9.0825],
							"rotation": [0, 0, -90],
							"uv": {
								"north": {"uv": [36, 42], "uv_size": [6, 2]},
								"east": {"uv": [24, 0], "uv_size": [18, 2]},
								"south": {"uv": [42, 42], "uv_size": [6, 2]},
								"west": {"uv": [24, 2], "uv_size": [18, 2]},
								"up": {"uv": [0, 0], "uv_size": [6, 18]},
								"down": {"uv": [6, 18], "uv_size": [6, -18]}
							}
						},
						{
							"origin": [-2.86, 0.37927, -7.4175],
							"size": [5.7, 2.36, 18],
							"uv": {
								"north": {"uv": [9, 43], "uv_size": [6, 2]},
								"east": {"uv": [24, 4], "uv_size": [18, 2]},
								"south": {"uv": [15, 43], "uv_size": [6, 2]},
								"west": {"uv": [24, 6], "uv_size": [18, 2]},
								"up": {"uv": [12, 0], "uv_size": [6, 18]},
								"down": {"uv": [0, 36], "uv_size": [6, -18]}
							}
						},
						{
							"origin": [-2.85964, 0.3784, -7.4175],
							"size": [5.69928, 2.36174, 18],
							"pivot": [-0.01, 1.55927, 9.0825],
							"rotation": [0, 0, -45],
							"uv": {
								"north": {"uv": [21, 43], "uv_size": [6, 2]},
								"east": {"uv": [24, 8], "uv_size": [18, 2]},
								"south": {"uv": [0, 44], "uv_size": [6, 2]},
								"west": {"uv": [24, 10], "uv_size": [18, 2]},
								"up": {"uv": [18, 0], "uv_size": [6, 18]},
								"down": {"uv": [6, 36], "uv_size": [6, -18]}
							}
						},
						{
							"origin": [-2.85964, 0.3784, -7.4175],
							"size": [5.69928, 2.36174, 18],
							"pivot": [-0.01, 1.55927, 9.0825],
							"rotation": [0, 0, -135],
							"uv": {
								"north": {"uv": [44, 34], "uv_size": [6, 2]},
								"east": {"uv": [24, 12], "uv_size": [18, 2]},
								"south": {"uv": [36, 44], "uv_size": [6, 2]},
								"west": {"uv": [24, 14], "uv_size": [18, 2]},
								"up": {"uv": [12, 18], "uv_size": [6, 18]},
								"down": {"uv": [18, 36], "uv_size": [6, -18]}
							}
						},
						{
							"origin": [-2.16, 0.64927, -10.9175],
							"size": [4.3, 1.82, 3.5],
							"pivot": [-0.01, 1.55927, -8.9175],
							"rotation": [0, 0, -90],
							"uv": {
								"north": {"uv": [18, 45], "uv_size": [4, 2]},
								"east": {"uv": [22, 45], "uv_size": [4, 2]},
								"south": {"uv": [45, 44], "uv_size": [4, 2]},
								"west": {"uv": [0, 46], "uv_size": [4, 2]},
								"up": {"uv": [42, 6], "uv_size": [4, 4]},
								"down": {"uv": [42, 14], "uv_size": [4, -4]}
							}
						},
						{
							"origin": [1.17603, 2.22355, -9.25281],
							"size": [0.72762, 1.75362, 2.02796],
							"pivot": [1.54484, 3.06718, -8.23383],
							"rotation": [0, 20, -45],
							"uv": {
								"north": {"uv": [23, 48], "uv_size": [1, 2]},
								"east": {"uv": [30, 43], "uv_size": [2, 2]},
								"south": {"uv": [15, 49], "uv_size": [1, 2]},
								"west": {"uv": [2, 48], "uv_size": [2, 2]},
								"up": {"uv": [16, 49], "uv_size": [1, 2]},
								"down": {"uv": [17, 51], "uv_size": [1, -2]}
							}
						},
						{
							"origin": [1.15304, -0.85768, -9.2508],
							"size": [0.72762, 1.75362, 2.02796],
							"pivot": [1.51684, 0.01914, -8.23682],
							"rotation": [0, 20, 45],
							"uv": {
								"north": {"uv": [18, 49], "uv_size": [1, 2]},
								"east": {"uv": [21, 48], "uv_size": [2, 2]},
								"south": {"uv": [19, 49], "uv_size": [1, 2]},
								"west": {"uv": [32, 48], "uv_size": [2, 2]},
								"up": {"uv": [20, 49], "uv_size": [1, 2]},
								"down": {"uv": [26, 51], "uv_size": [1, -2]}
							}
						},
						{
							"origin": [1.76649, 0.64263, -9.24939],
							"size": [0.73762, 1.82, 2.03796],
							"pivot": [2.1353, 1.55263, -8.23041],
							"rotation": [0, 20, 0],
							"uv": {
								"north": {"uv": [27, 49], "uv_size": [1, 2]},
								"east": {"uv": [34, 48], "uv_size": [2, 2]},
								"south": {"uv": [28, 49], "uv_size": [1, 2]},
								"west": {"uv": [36, 48], "uv_size": [2, 2]},
								"up": {"uv": [29, 49], "uv_size": [1, 2]},
								"down": {"uv": [30, 51], "uv_size": [1, -2]}
							}
						},
						{
							"origin": [-1.40195, -0.62054, -8.95795],
							"size": [0.72762, 1.75362, 2.02796],
							"pivot": [-1.85272, 1.55927, -8.23704],
							"rotation": [0, 20, -135],
							"uv": {
								"north": {"uv": [31, 49], "uv_size": [1, 2]},
								"east": {"uv": [38, 48], "uv_size": [2, 2]},
								"south": {"uv": [49, 44], "uv_size": [1, 2]},
								"west": {"uv": [40, 48], "uv_size": [2, 2]},
								"up": {"uv": [49, 46], "uv_size": [1, 2]},
								"down": {"uv": [49, 50], "uv_size": [1, -2]}
							}
						},
						{
							"origin": [-1.93204, 0.64927, -9.14724],
							"size": [0.73762, 1.82, 2.03796],
							"pivot": [-1.85272, 1.55927, -8.23704],
							"rotation": [0, 20, -180],
							"uv": {
								"north": {"uv": [2, 50], "uv_size": [1, 2]},
								"east": {"uv": [48, 42], "uv_size": [2, 2]},
								"south": {"uv": [3, 50], "uv_size": [1, 2]},
								"west": {"uv": [45, 48], "uv_size": [2, 2]},
								"up": {"uv": [50, 6], "uv_size": [1, 2]},
								"down": {"uv": [50, 10], "uv_size": [1, -2]}
							}
						},
						{
							"origin": [-1.40195, 1.98546, -8.95795],
							"size": [0.72762, 1.75362, 2.02796],
							"pivot": [-1.85272, 1.55927, -8.23704],
							"rotation": [0, 20, 135],
							"uv": {
								"north": {"uv": [50, 10], "uv_size": [1, 2]},
								"east": {"uv": [47, 48], "uv_size": [2, 2]},
								"south": {"uv": [50, 12], "uv_size": [1, 2]},
								"west": {"uv": [4, 49], "uv_size": [2, 2]},
								"up": {"uv": [50, 14], "uv_size": [1, 2]},
								"down": {"uv": [50, 18], "uv_size": [1, -2]}
							}
						},
						{
							"origin": [0.82119, 1.67358, -8.84239],
							"size": [0.73762, 1.82, 2.03796],
							"pivot": [-0.01, 2.58358, -7.82341],
							"rotation": [0, 20, -90],
							"uv": {
								"north": {"uv": [50, 18], "uv_size": [1, 2]},
								"east": {"uv": [6, 49], "uv_size": [2, 2]},
								"south": {"uv": [50, 20], "uv_size": [1, 2]},
								"west": {"uv": [9, 49], "uv_size": [2, 2]},
								"up": {"uv": [21, 50], "uv_size": [1, 2]},
								"down": {"uv": [22, 52], "uv_size": [1, -2]}
							}
						},
						{
							"origin": [-0.38545, -1.50932, -9.24939],
							"size": [0.73762, 1.82, 2.03796],
							"pivot": [-0.01664, -0.59932, -8.23041],
							"rotation": [0, 20, 90],
							"uv": {
								"north": {"uv": [50, 22], "uv_size": [1, 2]},
								"east": {"uv": [11, 49], "uv_size": [2, 2]},
								"south": {"uv": [23, 50], "uv_size": [1, 2]},
								"west": {"uv": [13, 49], "uv_size": [2, 2]},
								"up": {"uv": [50, 24], "uv_size": [1, 2]},
								"down": {"uv": [50, 28], "uv_size": [1, -2]}
							}
						},
						{
							"origin": [-2.16, 0.64927, -10.9175],
							"size": [4.3, 1.82, 3.5],
							"uv": {
								"north": {"uv": [46, 6], "uv_size": [4, 2]},
								"east": {"uv": [46, 8], "uv_size": [4, 2]},
								"south": {"uv": [46, 10], "uv_size": [4, 2]},
								"west": {"uv": [46, 12], "uv_size": [4, 2]},
								"up": {"uv": [42, 14], "uv_size": [4, 4]},
								"down": {"uv": [42, 22], "uv_size": [4, -4]}
							}
						},
						{
							"origin": [-2.17375, 0.68246, -10.9175],
							"size": [4.32749, 1.75362, 3.5],
							"pivot": [-0.01, 1.55927, -8.9175],
							"rotation": [0, 0, -45],
							"uv": {
								"north": {"uv": [46, 14], "uv_size": [4, 2]},
								"east": {"uv": [46, 16], "uv_size": [4, 2]},
								"south": {"uv": [46, 18], "uv_size": [4, 2]},
								"west": {"uv": [46, 20], "uv_size": [4, 2]},
								"up": {"uv": [42, 22], "uv_size": [4, 4]},
								"down": {"uv": [42, 30], "uv_size": [4, -4]}
							}
						},
						{
							"origin": [-2.17375, 0.68246, -10.9175],
							"size": [4.32749, 1.75362, 3.5],
							"pivot": [-0.01, 1.55927, -8.4175],
							"rotation": [0, 0, 45],
							"uv": {
								"north": {"uv": [46, 22], "uv_size": [4, 2]},
								"east": {"uv": [46, 24], "uv_size": [4, 2]},
								"south": {"uv": [26, 46], "uv_size": [4, 2]},
								"west": {"uv": [46, 26], "uv_size": [4, 2]},
								"up": {"uv": [42, 30], "uv_size": [4, 4]},
								"down": {"uv": [32, 46], "uv_size": [4, -4]}
							}
						},
						{
							"origin": [-2.16, 0.64927, -19.9175],
							"size": [4.3, 1.82, 9],
							"pivot": [-0.01, 1.55927, -12.9175],
							"rotation": [0, 0, -90],
							"uv": {
								"north": {"uv": [46, 28], "uv_size": [4, 2]},
								"east": {"uv": [12, 39], "uv_size": [9, 2]},
								"south": {"uv": [30, 46], "uv_size": [4, 2]},
								"west": {"uv": [32, 40], "uv_size": [9, 2]},
								"up": {"uv": [24, 16], "uv_size": [4, 9]},
								"down": {"uv": [24, 34], "uv_size": [4, -9]}
							}
						},
						{
							"origin": [-2.16, 0.64927, -19.9175],
							"size": [4.3, 1.82, 9],
							"uv": {
								"north": {"uv": [46, 30], "uv_size": [4, 2]},
								"east": {"uv": [12, 41], "uv_size": [9, 2]},
								"south": {"uv": [46, 32], "uv_size": [4, 2]},
								"west": {"uv": [41, 40], "uv_size": [9, 2]},
								"up": {"uv": [28, 16], "uv_size": [4, 9]},
								"down": {"uv": [28, 34], "uv_size": [4, -9]}
							}
						},
						{
							"origin": [-2.17375, 0.68246, -19.9175],
							"size": [4.32749, 1.75362, 9],
							"pivot": [-0.01, 1.55927, -12.9175],
							"rotation": [0, 0, -45],
							"uv": {
								"north": {"uv": [34, 46], "uv_size": [4, 2]},
								"east": {"uv": [0, 42], "uv_size": [9, 2]},
								"south": {"uv": [38, 46], "uv_size": [4, 2]},
								"west": {"uv": [42, 0], "uv_size": [9, 2]},
								"up": {"uv": [32, 16], "uv_size": [4, 9]},
								"down": {"uv": [32, 34], "uv_size": [4, -9]}
							}
						},
						{
							"origin": [-2.17375, 0.68246, -19.9175],
							"size": [4.32749, 1.75362, 9],
							"pivot": [-0.01, 1.55927, -12.4175],
							"rotation": [0, 0, 45],
							"uv": {
								"north": {"uv": [45, 46], "uv_size": [4, 2]},
								"east": {"uv": [42, 2], "uv_size": [9, 2]},
								"south": {"uv": [4, 47], "uv_size": [4, 2]},
								"west": {"uv": [42, 4], "uv_size": [9, 2]},
								"up": {"uv": [24, 34], "uv_size": [4, 9]},
								"down": {"uv": [28, 43], "uv_size": [4, -9]}
							}
						},
						{
							"origin": [-0.56, 1.32927, -25.4175],
							"size": [1.1, 0.46, 6],
							"pivot": [-0.01, 1.55927, -23.9175],
							"rotation": [0, 0, -90],
							"uv": {
								"north": {"uv": [9, 42], "uv_size": [1, 1]},
								"east": {"uv": [44, 39], "uv_size": [6, 1]},
								"south": {"uv": [10, 42], "uv_size": [1, 1]},
								"west": {"uv": [18, 47], "uv_size": [6, 1]},
								"up": {"uv": [8, 47], "uv_size": [1, 6]},
								"down": {"uv": [24, 53], "uv_size": [1, -6]}
							}
						},
						{
							"origin": [-0.56, 1.32927, -25.4175],
							"size": [1.1, 0.46, 6],
							"uv": {
								"north": {"uv": [11, 42], "uv_size": [1, 1]},
								"east": {"uv": [47, 36], "uv_size": [6, 1]},
								"south": {"uv": [21, 42], "uv_size": [1, 1]},
								"west": {"uv": [47, 37], "uv_size": [6, 1]},
								"up": {"uv": [25, 47], "uv_size": [1, 6]},
								"down": {"uv": [42, 53], "uv_size": [1, -6]}
							}
						},
						{
							"origin": [-0.56154, 1.333, -25.4175],
							"size": [1.10309, 0.45255, 6],
							"pivot": [-0.01, 1.55927, -23.9175],
							"rotation": [0, 0, -45],
							"uv": {
								"north": {"uv": [22, 42], "uv_size": [1, 1]},
								"east": {"uv": [47, 38], "uv_size": [6, 1]},
								"south": {"uv": [23, 42], "uv_size": [1, 1]},
								"west": {"uv": [9, 48], "uv_size": [6, 1]},
								"up": {"uv": [43, 47], "uv_size": [1, 6]},
								"down": {"uv": [44, 53], "uv_size": [1, -6]}
							}
						},
						{
							"origin": [-0.56154, 1.333, -25.4175],
							"size": [1.10309, 0.45255, 6],
							"pivot": [-0.01, 1.55927, -23.9175],
							"rotation": [0, 0, 45],
							"uv": {
								"north": {"uv": [26, 45], "uv_size": [1, 1]},
								"east": {"uv": [15, 48], "uv_size": [6, 1]},
								"south": {"uv": [30, 45], "uv_size": [1, 1]},
								"west": {"uv": [26, 48], "uv_size": [6, 1]},
								"up": {"uv": [0, 48], "uv_size": [1, 6]},
								"down": {"uv": [1, 54], "uv_size": [1, -6]}
							}
						}
					]
				}
			]
		}
	]
}