{
	"format_version": "1.12.0",
	"minecraft:geometry": [
		{
			"description": {
				"identifier": "geometry.unknown",
				"texture_width": 64,
				"texture_height": 64,
				"visible_bounds_width": 4,
				"visible_bounds_height": 2.5,
				"visible_bounds_offset": [0, 0.75, 0]
			},
			"bones": [
				{
					"name": "mag_1",
					"pivot": [3.99269, 1.1, 0.39073],
					"rotation": [-3.00061, 0.99756, -90.06976]
				},
				{
					"name": "clip",
					"parent": "mag_1",
					"pivot": [3.98174, 2.1429, -3.70235],
					"cubes": [
						{
							"origin": [3.98174, 1.0429, 6.49765],
							"size": [1.3, 2.2, 0.6],
							"uv": {
								"north": {"uv": [10, 25], "uv_size": [1, 2]},
								"east": {"uv": [11, 25], "uv_size": [1, 2]},
								"south": {"uv": [12, 25], "uv_size": [1, 2]},
								"west": {"uv": [13, 25], "uv_size": [1, 2]},
								"up": {"uv": [17, 41], "uv_size": [1, 1]},
								"down": {"uv": [22, 42], "uv_size": [1, -1]}
							}
						},
						{
							"origin": [3.98174, 3.0017, 6.39245],
							"size": [1.3, 2.2, 0.6],
							"pivot": [3.98174, 6.13573, 0.13578],
							"rotation": [2, 0, 0],
							"uv": {
								"north": {"uv": [14, 25], "uv_size": [1, 2]},
								"east": {"uv": [15, 25], "uv_size": [1, 2]},
								"south": {"uv": [16, 25], "uv_size": [1, 2]},
								"west": {"uv": [17, 25], "uv_size": [1, 2]},
								"up": {"uv": [41, 35], "uv_size": [1, 1]},
								"down": {"uv": [41, 37], "uv_size": [1, -1]}
							}
						},
						{
							"origin": [3.98174, 4.96099, 6.37242],
							"size": [1.3, 2.2, 0.6],
							"pivot": [3.98174, 5.89502, 0.11574],
							"rotation": [4, 0, 0],
							"uv": {
								"north": {"uv": [18, 25], "uv_size": [1, 2]},
								"east": {"uv": [19, 25], "uv_size": [1, 2]},
								"south": {"uv": [20, 25], "uv_size": [1, 2]},
								"west": {"uv": [21, 25], "uv_size": [1, 2]},
								"up": {"uv": [37, 41], "uv_size": [1, 1]},
								"down": {"uv": [39, 42], "uv_size": [1, -1]}
							}
						},
						{
							"origin": [3.98174, 6.92642, 6.4373],
							"size": [1.3, 2.2, 0.6],
							"pivot": [3.98174, 5.66045, 0.18062],
							"rotation": [6, 0, 0],
							"uv": {
								"north": {"uv": [22, 25], "uv_size": [1, 2]},
								"east": {"uv": [23, 25], "uv_size": [1, 2]},
								"south": {"uv": [24, 25], "uv_size": [1, 2]},
								"west": {"uv": [25, 25], "uv_size": [1, 2]},
								"up": {"uv": [41, 39], "uv_size": [1, 1]},
								"down": {"uv": [40, 42], "uv_size": [1, -1]}
							}
						},
						{
							"origin": [3.98174, 7.72642, 7.0373],
							"size": [1.3, 0.6, 0.3],
							"pivot": [3.98174, 5.66045, 0.18062],
							"rotation": [6, 0, 0],
							"uv": {
								"north": {"uv": [41, 40], "uv_size": [1, 1]},
								"east": {"uv": [41, 41], "uv_size": [1, 1]},
								"south": {"uv": [42, 0], "uv_size": [1, 1]},
								"west": {"uv": [42, 1], "uv_size": [1, 1]},
								"up": {"uv": [2, 42], "uv_size": [1, 1]},
								"down": {"uv": [42, 3], "uv_size": [1, -1]}
							}
						},
						{
							"origin": [3.98174, 5.76099, 6.97242],
							"size": [1.3, 0.6, 0.3],
							"pivot": [3.98174, 5.89502, 0.11574],
							"rotation": [4, 0, 0],
							"uv": {
								"north": {"uv": [3, 42], "uv_size": [1, 1]},
								"east": {"uv": [42, 3], "uv_size": [1, 1]},
								"south": {"uv": [4, 42], "uv_size": [1, 1]},
								"west": {"uv": [5, 42], "uv_size": [1, 1]},
								"up": {"uv": [42, 5], "uv_size": [1, 1]},
								"down": {"uv": [42, 7], "uv_size": [1, -1]}
							}
						},
						{
							"origin": [3.98174, 3.8017, 6.99245],
							"size": [1.3, 0.6, 0.3],
							"pivot": [3.98174, 6.13573, 0.13578],
							"rotation": [2, 0, 0],
							"uv": {
								"north": {"uv": [8, 42], "uv_size": [1, 1]},
								"east": {"uv": [42, 8], "uv_size": [1, 1]},
								"south": {"uv": [11, 42], "uv_size": [1, 1]},
								"west": {"uv": [42, 11], "uv_size": [1, 1]},
								"up": {"uv": [12, 42], "uv_size": [1, 1]},
								"down": {"uv": [13, 43], "uv_size": [1, -1]}
							}
						},
						{
							"origin": [3.98174, 1.8429, 7.09765],
							"size": [1.3, 0.6, 0.3],
							"uv": {
								"north": {"uv": [42, 13], "uv_size": [1, 1]},
								"east": {"uv": [42, 14], "uv_size": [1, 1]},
								"south": {"uv": [15, 42], "uv_size": [1, 1]},
								"west": {"uv": [16, 42], "uv_size": [1, 1]},
								"up": {"uv": [42, 16], "uv_size": [1, 1]},
								"down": {"uv": [17, 43], "uv_size": [1, -1]}
							}
						}
					]
				},
				{
					"name": "ammo_4",
					"parent": "mag_1",
					"pivot": [4.44174, 7.6429, 7.1175],
					"cubes": [
						{
							"origin": [2.98174, 7.61642, -2.34285],
							"size": [2, 0.82, 9.4],
							"pivot": [3.98174, 5.66045, 0.18062],
							"rotation": [6, 0, 0],
							"uv": {
								"north": {"uv": [26, 25], "uv_size": [2, 1]},
								"east": {"uv": [18, 9], "uv_size": [9, 1]},
								"south": {"uv": [26, 26], "uv_size": [2, 1]},
								"west": {"uv": [10, 18], "uv_size": [9, 1]}
							}
						},
						{
							"origin": [5.3477, 5.25045, -2.34285],
							"size": [2, 0.82, 9.4],
							"pivot": [3.98174, 5.66045, 0.18062],
							"rotation": [0, 6, -90],
							"uv": {
								"north": {"uv": [0, 27], "uv_size": [2, 1]},
								"east": {"uv": [18, 10], "uv_size": [9, 1]},
								"south": {"uv": [2, 27], "uv_size": [2, 1]},
								"west": {"uv": [18, 11], "uv_size": [9, 1]},
								"up": {"uv": [0, 0], "uv_size": [2, 9]},
								"down": {"uv": [2, 9], "uv_size": [2, -9]}
							}
						},
						{
							"origin": [4.65771, 6.91625, -2.34285],
							"size": [1.99404, 0.83439, 9.4],
							"pivot": [3.98174, 5.66045, 0.18062],
							"rotation": [4.2504, 4.23876, -44.84263],
							"uv": {
								"north": {"uv": [4, 27], "uv_size": [2, 1]},
								"east": {"uv": [18, 12], "uv_size": [9, 1]},
								"south": {"uv": [6, 27], "uv_size": [2, 1]},
								"west": {"uv": [18, 13], "uv_size": [9, 1]},
								"up": {"uv": [4, 0], "uv_size": [2, 9]},
								"down": {"uv": [6, 9], "uv_size": [2, -9]}
							}
						},
						{
							"origin": [1.31173, 6.91625, -2.34285],
							"size": [1.99404, 0.83439, 9.4],
							"pivot": [3.98174, 5.66045, 0.18062],
							"rotation": [4.2504, -4.23876, 44.84263],
							"uv": {
								"north": {"uv": [8, 27], "uv_size": [2, 1]},
								"east": {"uv": [18, 14], "uv_size": [9, 1]},
								"south": {"uv": [27, 9], "uv_size": [2, 1]},
								"west": {"uv": [18, 15], "uv_size": [9, 1]},
								"up": {"uv": [8, 0], "uv_size": [2, 9]},
								"down": {"uv": [0, 18], "uv_size": [2, -9]}
							}
						},
						{
							"origin": [3.23424, 6.99001, -4.39203],
							"size": [0.29559, 0.68687, 1.99986],
							"pivot": [3.98174, 5.66045, 0.18062],
							"rotation": [4.23912, 0.74755, 45.21277],
							"uv": {
								"north": {"uv": [42, 17], "uv_size": [1, 1]},
								"east": {"uv": [10, 27], "uv_size": [2, 1]},
								"south": {"uv": [18, 42], "uv_size": [1, 1]},
								"west": {"uv": [27, 10], "uv_size": [2, 1]},
								"up": {"uv": [27, 11], "uv_size": [1, 2]},
								"down": {"uv": [12, 29], "uv_size": [1, -2]}
							}
						},
						{
							"origin": [6.56749, 6.99, -4.10041],
							"size": [0.29559, 0.68687, 1.99986],
							"pivot": [3.98174, 5.66045, 0.18062],
							"rotation": [4.2944, 9.22488, -44.46767],
							"uv": {
								"north": {"uv": [42, 18], "uv_size": [1, 1]},
								"east": {"uv": [13, 27], "uv_size": [2, 1]},
								"south": {"uv": [19, 42], "uv_size": [1, 1]},
								"west": {"uv": [27, 13], "uv_size": [2, 1]},
								"up": {"uv": [27, 14], "uv_size": [1, 2]},
								"down": {"uv": [15, 29], "uv_size": [1, -2]}
							}
						},
						{
							"origin": [7.25483, 5.32045, -4.03989],
							"size": [0.3, 0.68, 2],
							"pivot": [3.98174, 5.66045, 0.18062],
							"rotation": [0, 11, -90],
							"uv": {
								"north": {"uv": [20, 42], "uv_size": [1, 1]},
								"east": {"uv": [16, 27], "uv_size": [2, 1]},
								"south": {"uv": [21, 42], "uv_size": [1, 1]},
								"west": {"uv": [27, 16], "uv_size": [2, 1]},
								"up": {"uv": [18, 27], "uv_size": [1, 2]},
								"down": {"uv": [19, 29], "uv_size": [1, -2]}
							}
						},
						{
							"origin": [4.89788, 7.68642, -4.24609],
							"size": [0.3, 0.68, 2],
							"pivot": [3.98174, 5.66045, 0.18062],
							"rotation": [6.02275, 4.97254, 0.52396],
							"uv": {
								"north": {"uv": [42, 21], "uv_size": [1, 1]},
								"east": {"uv": [27, 17], "uv_size": [2, 1]},
								"south": {"uv": [22, 42], "uv_size": [1, 1]},
								"west": {"uv": [20, 27], "uv_size": [2, 1]},
								"up": {"uv": [22, 27], "uv_size": [1, 2]},
								"down": {"uv": [23, 29], "uv_size": [1, -2]}
							}
						},
						{
							"origin": [4.89788, 2.9545, -4.2461],
							"size": [0.3, 0.68, 2],
							"pivot": [3.98174, 5.66045, 0.18062],
							"rotation": [-6.02275, 4.97254, 179.47604],
							"uv": {
								"north": {"uv": [42, 22], "uv_size": [1, 1]},
								"east": {"uv": [24, 27], "uv_size": [2, 1]},
								"south": {"uv": [23, 42], "uv_size": [1, 1]},
								"west": {"uv": [26, 27], "uv_size": [2, 1]},
								"up": {"uv": [0, 28], "uv_size": [1, 2]},
								"down": {"uv": [1, 30], "uv_size": [1, -2]}
							}
						},
						{
							"origin": [2.54092, 5.32046, -4.4523],
							"size": [0.3, 0.68, 2],
							"pivot": [3.98174, 5.66045, 0.18062],
							"rotation": [0, -1, 90],
							"uv": {
								"north": {"uv": [24, 42], "uv_size": [1, 1]},
								"east": {"uv": [2, 28], "uv_size": [2, 1]},
								"south": {"uv": [25, 42], "uv_size": [1, 1]},
								"west": {"uv": [4, 28], "uv_size": [2, 1]},
								"up": {"uv": [6, 28], "uv_size": [1, 2]},
								"down": {"uv": [7, 30], "uv_size": [1, -2]}
							}
						},
						{
							"origin": [3.23424, 3.64404, -4.39203],
							"size": [0.29559, 0.68687, 1.99986],
							"pivot": [3.98174, 5.66045, 0.18062],
							"rotation": [-4.23912, 0.74755, 134.78723],
							"uv": {
								"north": {"uv": [42, 25], "uv_size": [1, 1]},
								"east": {"uv": [8, 28], "uv_size": [2, 1]},
								"south": {"uv": [26, 42], "uv_size": [1, 1]},
								"west": {"uv": [10, 28], "uv_size": [2, 1]},
								"up": {"uv": [28, 11], "uv_size": [1, 2]},
								"down": {"uv": [13, 30], "uv_size": [1, -2]}
							}
						},
						{
							"origin": [6.56749, 3.64405, -4.10041],
							"size": [0.29559, 0.68687, 1.99986],
							"pivot": [3.98174, 5.66045, 0.18062],
							"rotation": [-4.2944, 9.22488, -135.53233],
							"uv": {
								"north": {"uv": [42, 26], "uv_size": [1, 1]},
								"east": {"uv": [28, 14], "uv_size": [2, 1]},
								"south": {"uv": [27, 42], "uv_size": [1, 1]},
								"west": {"uv": [28, 15], "uv_size": [2, 1]},
								"up": {"uv": [14, 28], "uv_size": [1, 2]},
								"down": {"uv": [16, 30], "uv_size": [1, -2]}
							}
						},
						{
							"origin": [5.57201, 5.34045, -5.73524],
							"size": [1.55138, 0.64, 1.4],
							"pivot": [3.98174, 5.66045, 0.18062],
							"rotation": [0, 6, -90],
							"uv": {
								"north": {"uv": [28, 18], "uv_size": [2, 1]},
								"east": {"uv": [42, 27], "uv_size": [1, 1]},
								"south": {"uv": [28, 19], "uv_size": [2, 1]},
								"west": {"uv": [28, 42], "uv_size": [1, 1]},
								"up": {"uv": [20, 28], "uv_size": [2, 1]},
								"down": {"uv": [28, 21], "uv_size": [2, -1]}
							}
						},
						{
							"origin": [3.20605, 7.70642, -5.73524],
							"size": [1.55138, 0.64, 1.4],
							"pivot": [3.98174, 5.66045, 0.18062],
							"rotation": [6, 0, 0],
							"uv": {
								"north": {"uv": [28, 21], "uv_size": [2, 1]},
								"east": {"uv": [29, 42], "uv_size": [1, 1]},
								"south": {"uv": [28, 22], "uv_size": [2, 1]},
								"west": {"uv": [30, 42], "uv_size": [1, 1]}
							}
						},
						{
							"origin": [4.87996, 7.01122, -5.73524],
							"size": [1.54954, 0.64444, 1.4],
							"pivot": [3.98174, 5.66045, 0.18062],
							"rotation": [4.2504, 4.23876, -44.84263],
							"uv": {
								"north": {"uv": [28, 23], "uv_size": [2, 1]},
								"east": {"uv": [42, 30], "uv_size": [1, 1]},
								"south": {"uv": [24, 28], "uv_size": [2, 1]},
								"west": {"uv": [31, 42], "uv_size": [1, 1]},
								"up": {"uv": [28, 24], "uv_size": [2, 1]},
								"down": {"uv": [28, 26], "uv_size": [2, -1]}
							}
						},
						{
							"origin": [1.53398, 7.01122, -5.73524],
							"size": [1.54954, 0.64444, 1.4],
							"pivot": [3.98174, 5.66045, 0.18062],
							"rotation": [4.2504, -4.23876, 44.84263],
							"uv": {
								"north": {"uv": [26, 28], "uv_size": [2, 1]},
								"east": {"uv": [42, 31], "uv_size": [1, 1]},
								"south": {"uv": [28, 26], "uv_size": [2, 1]},
								"west": {"uv": [32, 42], "uv_size": [1, 1]},
								"up": {"uv": [28, 27], "uv_size": [2, 1]},
								"down": {"uv": [28, 29], "uv_size": [2, -1]}
							}
						},
						{
							"origin": [7.55156, 5.48045, -6.99983],
							"size": [0.55138, 0.36, 1.9],
							"pivot": [3.98174, 5.66045, 0.18062],
							"rotation": [0, 16, -90],
							"uv": {
								"north": {"uv": [33, 42], "uv_size": [1, 1]},
								"east": {"uv": [29, 0], "uv_size": [2, 1]},
								"south": {"uv": [34, 42], "uv_size": [1, 1]},
								"west": {"uv": [29, 1], "uv_size": [2, 1]},
								"up": {"uv": [17, 28], "uv_size": [1, 2]},
								"down": {"uv": [2, 31], "uv_size": [1, -2]}
							}
						},
						{
							"origin": [5.22154, 7.84642, -7.41067],
							"size": [0.55138, 0.36, 1.9],
							"pivot": [3.98174, 5.66045, 0.18062],
							"rotation": [6.09187, 9.94466, 1.05591],
							"uv": {
								"north": {"uv": [35, 42], "uv_size": [1, 1]},
								"east": {"uv": [29, 2], "uv_size": [2, 1]},
								"west": {"uv": [3, 29], "uv_size": [2, 1]},
								"up": {"uv": [29, 3], "uv_size": [1, 2]},
								"down": {"uv": [5, 31], "uv_size": [1, -2]}
							}
						},
						{
							"origin": [2.89153, 5.48046, -7.82151],
							"size": [0.55138, 0.36, 1.9],
							"pivot": [3.98174, 5.66045, 0.18062],
							"rotation": [0, 4, 90],
							"uv": {
								"north": {"uv": [42, 35], "uv_size": [1, 1]},
								"east": {"uv": [29, 5], "uv_size": [2, 1]},
								"south": {"uv": [36, 42], "uv_size": [1, 1]},
								"west": {"uv": [29, 6], "uv_size": [2, 1]},
								"up": {"uv": [29, 7], "uv_size": [1, 2]},
								"down": {"uv": [8, 31], "uv_size": [1, -2]}
							}
						},
						{
							"origin": [5.22154, 3.11449, -7.41067],
							"size": [0.55138, 0.36, 1.9],
							"pivot": [3.98174, 5.66045, 0.18062],
							"rotation": [-6.09187, 9.94466, 178.94409],
							"uv": {
								"north": {"uv": [42, 36], "uv_size": [1, 1]},
								"east": {"uv": [9, 29], "uv_size": [2, 1]},
								"south": {"uv": [37, 42], "uv_size": [1, 1]},
								"west": {"uv": [29, 9], "uv_size": [2, 1]},
								"up": {"uv": [29, 10], "uv_size": [1, 2]},
								"down": {"uv": [11, 31], "uv_size": [1, -2]}
							}
						},
						{
							"origin": [6.86821, 3.79954, -7.12073],
							"size": [0.54905, 0.37584, 1.90041],
							"pivot": [3.98174, 5.66045, 0.18062],
							"rotation": [-4.37281, 14.2106, -135.91806],
							"uv": {
								"north": {"uv": [42, 37], "uv_size": [1, 1]},
								"east": {"uv": [29, 12], "uv_size": [2, 1]},
								"south": {"uv": [38, 42], "uv_size": [1, 1]},
								"west": {"uv": [29, 13], "uv_size": [2, 1]},
								"up": {"uv": [12, 29], "uv_size": [1, 2]},
								"down": {"uv": [15, 31], "uv_size": [1, -2]}
							}
						},
						{
							"origin": [6.86821, 7.14552, -7.12073],
							"size": [0.54905, 0.37584, 1.90041],
							"pivot": [3.98174, 5.66045, 0.18062],
							"rotation": [4.37281, 14.2106, -44.08194],
							"uv": {
								"north": {"uv": [42, 38], "uv_size": [1, 1]},
								"east": {"uv": [29, 16], "uv_size": [2, 1]},
								"south": {"uv": [39, 42], "uv_size": [1, 1]},
								"west": {"uv": [29, 17], "uv_size": [2, 1]},
								"up": {"uv": [18, 29], "uv_size": [1, 2]},
								"down": {"uv": [19, 31], "uv_size": [1, -2]}
							}
						},
						{
							"origin": [3.57307, 7.14553, -7.70175],
							"size": [0.54905, 0.37584, 1.90041],
							"pivot": [3.98174, 5.66045, 0.18062],
							"rotation": [4.26011, 5.73382, 45.58376],
							"uv": {
								"north": {"uv": [42, 39], "uv_size": [1, 1]},
								"east": {"uv": [20, 29], "uv_size": [2, 1]},
								"west": {"uv": [22, 29], "uv_size": [2, 1]},
								"up": {"uv": [24, 29], "uv_size": [1, 2]}
							}
						},
						{
							"origin": [3.57307, 3.79955, -7.70176],
							"size": [0.54905, 0.37584, 1.90041],
							"pivot": [3.98174, 5.66045, 0.18062],
							"rotation": [-4.26011, 5.73382, 134.41624],
							"uv": {
								"north": {"uv": [40, 42], "uv_size": [1, 1]},
								"east": {"uv": [25, 29], "uv_size": [2, 1]},
								"south": {"uv": [42, 40], "uv_size": [1, 1]},
								"west": {"uv": [27, 29], "uv_size": [2, 1]},
								"up": {"uv": [29, 29], "uv_size": [1, 2]},
								"down": {"uv": [0, 32], "uv_size": [1, -2]}
							}
						},
						{
							"origin": [7.54389, 6.44387, -7.0294],
							"size": [0.36137, 0.25255, 1.90041],
							"pivot": [3.98174, 5.66045, 0.18062],
							"rotation": [2.37948, 15.53348, -66.97349],
							"uv": {
								"east": {"uv": [3, 30], "uv_size": [2, 1]},
								"south": {"uv": [41, 42], "uv_size": [1, 1]},
								"west": {"uv": [30, 3], "uv_size": [2, 1]},
								"up": {"uv": [1, 30], "uv_size": [1, 2]}
							}
						},
						{
							"origin": [6.2829, 7.71578, -7.25174],
							"size": [0.36137, 0.25255, 1.90041],
							"pivot": [3.98174, 5.66045, 0.18062],
							"rotation": [5.67122, 12.24489, -21.40492],
							"uv": {
								"north": {"uv": [42, 41], "uv_size": [1, 1]},
								"east": {"uv": [30, 4], "uv_size": [2, 1]},
								"west": {"uv": [6, 30], "uv_size": [2, 1]},
								"up": {"uv": [30, 7], "uv_size": [1, 2]}
							}
						},
						{
							"origin": [4.49959, 7.72432, -7.56659],
							"size": [0.36137, 0.25255, 1.90041],
							"pivot": [3.98174, 5.66045, 0.18062],
							"rotation": [5.59185, 7.66052, 23.35924],
							"uv": {
								"north": {"uv": [42, 42], "uv_size": [1, 1]},
								"east": {"uv": [9, 30], "uv_size": [2, 1]},
								"west": {"uv": [30, 10], "uv_size": [2, 1]},
								"down": {"uv": [13, 32], "uv_size": [1, -2]}
							}
						},
						{
							"origin": [3.23861, 6.43528, -7.78894],
							"size": [0.36137, 0.25255, 1.90041],
							"pivot": [3.98174, 5.66045, 0.18062],
							"rotation": [2.29945, 4.45019, 67.78957],
							"uv": {
								"north": {"uv": [0, 43], "uv_size": [1, 1]},
								"east": {"uv": [30, 11], "uv_size": [2, 1]},
								"south": {"uv": [43, 0], "uv_size": [1, 1]},
								"west": {"uv": [30, 14], "uv_size": [2, 1]},
								"up": {"uv": [14, 30], "uv_size": [1, 2]},
								"down": {"uv": [16, 32], "uv_size": [1, -2]}
							}
						},
						{
							"origin": [3.23863, 4.63301, -7.78853],
							"size": [0.36137, 0.25255, 1.90041],
							"pivot": [3.98174, 5.66045, 0.18062],
							"rotation": [-2.29945, 4.45019, 112.21043],
							"uv": {
								"north": {"uv": [1, 43], "uv_size": [1, 1]},
								"east": {"uv": [30, 15], "uv_size": [2, 1]},
								"south": {"uv": [43, 1], "uv_size": [1, 1]},
								"west": {"uv": [30, 18], "uv_size": [2, 1]},
								"up": {"uv": [17, 30], "uv_size": [1, 2]}
							}
						},
						{
							"origin": [4.49963, 3.34406, -7.56618],
							"size": [0.36137, 0.25255, 1.90041],
							"pivot": [3.98174, 5.66045, 0.18062],
							"rotation": [-5.59185, 7.66052, 156.64076],
							"uv": {
								"north": {"uv": [2, 43], "uv_size": [1, 1]},
								"east": {"uv": [30, 19], "uv_size": [2, 1]},
								"west": {"uv": [20, 30], "uv_size": [2, 1]},
								"up": {"uv": [30, 20], "uv_size": [1, 2]},
								"down": {"uv": [22, 32], "uv_size": [1, -2]}
							}
						},
						{
							"origin": [7.5439, 4.62449, -7.0298],
							"size": [0.36137, 0.25255, 1.90041],
							"pivot": [3.98174, 5.66045, 0.18062],
							"rotation": [-2.37948, 15.53348, -113.02651],
							"uv": {
								"east": {"uv": [30, 22], "uv_size": [2, 1]},
								"south": {"uv": [43, 2], "uv_size": [1, 1]},
								"west": {"uv": [30, 23], "uv_size": [2, 1]},
								"down": {"uv": [23, 32], "uv_size": [1, -2]}
							}
						},
						{
							"origin": [6.28293, 3.35264, -7.25215],
							"size": [0.36137, 0.25255, 1.90041],
							"pivot": [3.98174, 5.66045, 0.18062],
							"rotation": [-5.67122, 12.24489, -158.59508],
							"uv": {
								"north": {"uv": [3, 43], "uv_size": [1, 1]},
								"east": {"uv": [30, 24], "uv_size": [2, 1]},
								"west": {"uv": [25, 30], "uv_size": [2, 1]},
								"up": {"uv": [30, 25], "uv_size": [1, 2]},
								"down": {"uv": [27, 32], "uv_size": [1, -2]}
							}
						},
						{
							"origin": [5.2477, 5.20045, 7.05715],
							"size": [2.2, 0.92, 0.2],
							"pivot": [3.98174, 5.66045, 0.18062],
							"rotation": [0, 6, -90],
							"uv": {
								"north": {"uv": [30, 27], "uv_size": [2, 1]},
								"east": {"uv": [43, 3], "uv_size": [1, 1]},
								"south": {"uv": [30, 28], "uv_size": [2, 1]},
								"west": {"uv": [4, 43], "uv_size": [1, 1]},
								"up": {"uv": [30, 29], "uv_size": [2, 1]},
								"down": {"uv": [30, 31], "uv_size": [2, -1]}
							}
						},
						{
							"origin": [2.88174, 7.56642, 7.05715],
							"size": [2.2, 0.92, 0.2],
							"pivot": [3.98174, 5.66045, 0.18062],
							"rotation": [6, 0, 0],
							"uv": {
								"north": {"uv": [31, 0], "uv_size": [2, 1]},
								"east": {"uv": [43, 4], "uv_size": [1, 1]},
								"south": {"uv": [31, 1], "uv_size": [2, 1]},
								"west": {"uv": [5, 43], "uv_size": [1, 1]},
								"up": {"uv": [2, 31], "uv_size": [2, 1]},
								"down": {"uv": [31, 3], "uv_size": [2, -1]}
							}
						},
						{
							"origin": [4.55164, 6.88089, 7.05715],
							"size": [2.20617, 0.9051, 0.2],
							"pivot": [3.98174, 5.66045, 0.18062],
							"rotation": [4.2504, 4.23876, -44.84263],
							"uv": {
								"north": {"uv": [4, 31], "uv_size": [2, 1]},
								"east": {"uv": [43, 5], "uv_size": [1, 1]},
								"south": {"uv": [31, 5], "uv_size": [2, 1]},
								"west": {"uv": [6, 43], "uv_size": [1, 1]},
								"up": {"uv": [6, 31], "uv_size": [2, 1]},
								"down": {"uv": [31, 7], "uv_size": [2, -1]}
							}
						},
						{
							"origin": [4.55164, 3.53491, 7.05715],
							"size": [2.20617, 0.9051, 0.2],
							"pivot": [3.98174, 5.66045, 0.18062],
							"rotation": [-4.2504, 4.23876, -135.15737],
							"uv": {
								"north": {"uv": [31, 7], "uv_size": [2, 1]},
								"east": {"uv": [43, 6], "uv_size": [1, 1]},
								"south": {"uv": [8, 31], "uv_size": [2, 1]},
								"west": {"uv": [7, 43], "uv_size": [1, 1]},
								"up": {"uv": [31, 8], "uv_size": [2, 1]},
								"down": {"uv": [31, 10], "uv_size": [2, -1]}
							}
						}
					]
				},
				{
					"name": "ammo_3",
					"parent": "mag_1",
					"pivot": [4.44174, 5.4429, 7.1175],
					"cubes": [
						{
							"origin": [2.98174, 5.65099, -2.40773],
							"size": [2, 0.82, 9.4],
							"pivot": [3.98174, 5.89502, 0.11574],
							"rotation": [4, 0, 0],
							"uv": {
								"north": {"uv": [10, 31], "uv_size": [2, 1]},
								"east": {"uv": [18, 16], "uv_size": [9, 1]},
								"south": {"uv": [31, 12], "uv_size": [2, 1]},
								"west": {"uv": [18, 17], "uv_size": [9, 1]}
							}
						},
						{
							"origin": [3.1477, 5.48502, -2.40773],
							"size": [2, 0.82, 9.4],
							"pivot": [3.98174, 5.89502, 0.11574],
							"rotation": [0, 4, -90],
							"uv": {
								"north": {"uv": [31, 13], "uv_size": [2, 1]},
								"east": {"uv": [10, 19], "uv_size": [9, 1]},
								"south": {"uv": [31, 16], "uv_size": [2, 1]},
								"west": {"uv": [19, 18], "uv_size": [9, 1]},
								"up": {"uv": [2, 9], "uv_size": [2, 9]},
								"down": {"uv": [4, 18], "uv_size": [2, -9]}
							}
						},
						{
							"origin": [3.10208, 5.59519, -2.40773],
							"size": [1.99404, 0.83439, 9.4],
							"pivot": [3.98174, 5.89502, 0.11574],
							"rotation": [2.83073, 2.82728, -44.93013],
							"uv": {
								"north": {"uv": [31, 17], "uv_size": [2, 1]},
								"east": {"uv": [19, 19], "uv_size": [9, 1]},
								"south": {"uv": [18, 31], "uv_size": [2, 1]},
								"west": {"uv": [20, 0], "uv_size": [9, 1]},
								"up": {"uv": [6, 9], "uv_size": [2, 9]},
								"down": {"uv": [8, 18], "uv_size": [2, -9]}
							}
						},
						{
							"origin": [2.86737, 5.59519, -2.40773],
							"size": [1.99404, 0.83439, 9.4],
							"pivot": [3.98174, 5.89502, 0.11574],
							"rotation": [2.83073, -2.82728, 44.93013],
							"uv": {
								"north": {"uv": [20, 31], "uv_size": [2, 1]},
								"east": {"uv": [20, 1], "uv_size": [9, 1]},
								"south": {"uv": [31, 20], "uv_size": [2, 1]},
								"west": {"uv": [20, 2], "uv_size": [9, 1]},
								"up": {"uv": [10, 0], "uv_size": [2, 9]},
								"down": {"uv": [10, 18], "uv_size": [2, -9]}
							}
						},
						{
							"origin": [4.78396, 5.66895, -4.32133],
							"size": [0.29559, 0.68687, 1.99986],
							"pivot": [3.98174, 5.89502, 0.11574],
							"rotation": [2.8293, 2.16663, 45.17692],
							"uv": {
								"north": {"uv": [43, 7], "uv_size": [1, 1]},
								"east": {"uv": [31, 21], "uv_size": [2, 1]},
								"south": {"uv": [8, 43], "uv_size": [1, 1]},
								"west": {"uv": [24, 31], "uv_size": [2, 1]},
								"up": {"uv": [28, 30], "uv_size": [1, 2]},
								"down": {"uv": [12, 33], "uv_size": [1, -2]}
							}
						},
						{
							"origin": [5.01777, 5.66894, -4.30087],
							"size": [0.29559, 0.68687, 1.99986],
							"pivot": [3.98174, 5.89502, 0.11574],
							"rotation": [2.85385, 7.82113, -44.6812],
							"uv": {
								"north": {"uv": [43, 8], "uv_size": [1, 1]},
								"east": {"uv": [31, 25], "uv_size": [2, 1]},
								"south": {"uv": [9, 43], "uv_size": [1, 1]},
								"west": {"uv": [31, 26], "uv_size": [2, 1]},
								"up": {"uv": [15, 31], "uv_size": [1, 2]},
								"down": {"uv": [26, 33], "uv_size": [1, -2]}
							}
						},
						{
							"origin": [5.0632, 5.55502, -4.29651],
							"size": [0.3, 0.68, 2],
							"pivot": [3.98174, 5.89502, 0.11574],
							"rotation": [0, 9, -90],
							"uv": {
								"north": {"uv": [43, 9], "uv_size": [1, 1]},
								"east": {"uv": [29, 31], "uv_size": [2, 1]},
								"south": {"uv": [10, 43], "uv_size": [1, 1]},
								"west": {"uv": [31, 31], "uv_size": [2, 1]},
								"up": {"uv": [0, 32], "uv_size": [1, 2]},
								"down": {"uv": [1, 34], "uv_size": [1, -2]}
							}
						},
						{
							"origin": [4.89788, 5.72099, -4.31097],
							"size": [0.3, 0.68, 2],
							"pivot": [3.98174, 5.89502, 0.11574],
							"rotation": [4.01523, 4.98779, 0.34967],
							"uv": {
								"north": {"uv": [43, 10], "uv_size": [1, 1]},
								"east": {"uv": [2, 32], "uv_size": [2, 1]},
								"south": {"uv": [11, 43], "uv_size": [1, 1]},
								"west": {"uv": [32, 3], "uv_size": [2, 1]},
								"up": {"uv": [4, 32], "uv_size": [1, 2]},
								"down": {"uv": [5, 34], "uv_size": [1, -2]}
							}
						},
						{
							"origin": [4.89788, 5.38907, -4.31098],
							"size": [0.3, 0.68, 2],
							"pivot": [3.98174, 5.89502, 0.11574],
							"rotation": [-4.01523, 4.98779, 179.65033],
							"uv": {
								"north": {"uv": [43, 11], "uv_size": [1, 1]},
								"east": {"uv": [32, 4], "uv_size": [2, 1]},
								"south": {"uv": [12, 43], "uv_size": [1, 1]},
								"west": {"uv": [6, 32], "uv_size": [2, 1]},
								"up": {"uv": [8, 32], "uv_size": [1, 2]},
								"down": {"uv": [9, 34], "uv_size": [1, -2]}
							}
						},
						{
							"origin": [4.73254, 5.55503, -4.32544],
							"size": [0.3, 0.68, 2],
							"pivot": [3.98174, 5.89502, 0.11574],
							"rotation": [0, 1, 90],
							"uv": {
								"north": {"uv": [43, 12], "uv_size": [1, 1]},
								"east": {"uv": [10, 32], "uv_size": [2, 1]},
								"south": {"uv": [13, 43], "uv_size": [1, 1]},
								"west": {"uv": [32, 10], "uv_size": [2, 1]},
								"up": {"uv": [13, 32], "uv_size": [1, 2]},
								"down": {"uv": [14, 34], "uv_size": [1, -2]}
							}
						},
						{
							"origin": [4.78396, 5.43424, -4.32133],
							"size": [0.29559, 0.68687, 1.99986],
							"pivot": [3.98174, 5.89502, 0.11574],
							"rotation": [-2.8293, 2.16663, 134.82308],
							"uv": {
								"north": {"uv": [43, 13], "uv_size": [1, 1]},
								"east": {"uv": [32, 11], "uv_size": [2, 1]},
								"south": {"uv": [14, 43], "uv_size": [1, 1]},
								"west": {"uv": [32, 14], "uv_size": [2, 1]},
								"up": {"uv": [16, 32], "uv_size": [1, 2]},
								"down": {"uv": [17, 34], "uv_size": [1, -2]}
							}
						},
						{
							"origin": [5.01777, 5.43425, -4.30088],
							"size": [0.29559, 0.68687, 1.99986],
							"pivot": [3.98174, 5.89502, 0.11574],
							"rotation": [-2.85385, 7.82113, -135.3188],
							"uv": {
								"north": {"uv": [43, 14], "uv_size": [1, 1]},
								"east": {"uv": [32, 15], "uv_size": [2, 1]},
								"south": {"uv": [15, 43], "uv_size": [1, 1]},
								"west": {"uv": [18, 32], "uv_size": [2, 1]},
								"up": {"uv": [32, 18], "uv_size": [1, 2]},
								"down": {"uv": [20, 34], "uv_size": [1, -2]}
							}
						},
						{
							"origin": [3.37201, 5.57502, -5.80012],
							"size": [1.55138, 0.64, 1.4],
							"pivot": [3.98174, 5.89502, 0.11574],
							"rotation": [0, 4, -90],
							"uv": {
								"north": {"uv": [21, 32], "uv_size": [2, 1]},
								"east": {"uv": [43, 15], "uv_size": [1, 1]},
								"south": {"uv": [32, 22], "uv_size": [2, 1]},
								"west": {"uv": [16, 43], "uv_size": [1, 1]},
								"up": {"uv": [23, 32], "uv_size": [2, 1]},
								"down": {"uv": [32, 24], "uv_size": [2, -1]}
							}
						},
						{
							"origin": [3.20605, 5.74099, -5.80012],
							"size": [1.55138, 0.64, 1.4],
							"pivot": [3.98174, 5.89502, 0.11574],
							"rotation": [4, 0, 0],
							"uv": {
								"north": {"uv": [32, 24], "uv_size": [2, 1]},
								"east": {"uv": [43, 16], "uv_size": [1, 1]},
								"south": {"uv": [27, 32], "uv_size": [2, 1]},
								"west": {"uv": [17, 43], "uv_size": [1, 1]}
							}
						},
						{
							"origin": [3.32433, 5.69016, -5.80012],
							"size": [1.54954, 0.64444, 1.4],
							"pivot": [3.98174, 5.89502, 0.11574],
							"rotation": [2.83073, 2.82728, -44.93013],
							"uv": {
								"north": {"uv": [32, 27], "uv_size": [2, 1]},
								"east": {"uv": [43, 17], "uv_size": [1, 1]},
								"south": {"uv": [32, 28], "uv_size": [2, 1]},
								"west": {"uv": [18, 43], "uv_size": [1, 1]},
								"up": {"uv": [29, 32], "uv_size": [2, 1]},
								"down": {"uv": [32, 30], "uv_size": [2, -1]}
							}
						},
						{
							"origin": [3.08962, 5.69016, -5.80012],
							"size": [1.54954, 0.64444, 1.4],
							"pivot": [3.98174, 5.89502, 0.11574],
							"rotation": [2.83073, -2.82728, 44.93013],
							"uv": {
								"north": {"uv": [32, 30], "uv_size": [2, 1]},
								"east": {"uv": [43, 18], "uv_size": [1, 1]},
								"south": {"uv": [31, 32], "uv_size": [2, 1]},
								"west": {"uv": [19, 43], "uv_size": [1, 1]},
								"up": {"uv": [33, 0], "uv_size": [2, 1]},
								"down": {"uv": [33, 2], "uv_size": [2, -1]}
							}
						},
						{
							"origin": [5.38498, 5.71502, -7.44673],
							"size": [0.55138, 0.36, 1.9],
							"pivot": [3.98174, 5.89502, 0.11574],
							"rotation": [0, 14, -90],
							"uv": {
								"north": {"uv": [43, 19], "uv_size": [1, 1]},
								"east": {"uv": [2, 33], "uv_size": [2, 1]},
								"south": {"uv": [20, 43], "uv_size": [1, 1]},
								"west": {"uv": [33, 2], "uv_size": [2, 1]},
								"up": {"uv": [25, 32], "uv_size": [1, 2]},
								"down": {"uv": [33, 7], "uv_size": [1, -2]}
							}
						},
						{
							"origin": [5.22154, 5.88099, -7.47555],
							"size": [0.55138, 0.36, 1.9],
							"pivot": [3.98174, 5.89502, 0.11574],
							"rotation": [4.0615, 9.97539, 0.7047],
							"uv": {
								"north": {"uv": [43, 20], "uv_size": [1, 1]},
								"east": {"uv": [6, 33], "uv_size": [2, 1]},
								"west": {"uv": [33, 7], "uv_size": [2, 1]},
								"up": {"uv": [33, 8], "uv_size": [1, 2]},
								"down": {"uv": [10, 35], "uv_size": [1, -2]}
							}
						},
						{
							"origin": [5.05811, 5.71503, -7.50437],
							"size": [0.55138, 0.36, 1.9],
							"pivot": [3.98174, 5.89502, 0.11574],
							"rotation": [0, 6, 90],
							"uv": {
								"north": {"uv": [21, 43], "uv_size": [1, 1]},
								"east": {"uv": [11, 33], "uv_size": [2, 1]},
								"south": {"uv": [43, 21], "uv_size": [1, 1]},
								"west": {"uv": [33, 12], "uv_size": [2, 1]},
								"up": {"uv": [15, 33], "uv_size": [1, 2]},
								"down": {"uv": [33, 18], "uv_size": [1, -2]}
							}
						},
						{
							"origin": [5.22154, 5.54906, -7.47555],
							"size": [0.55138, 0.36, 1.9],
							"pivot": [3.98174, 5.89502, 0.11574],
							"rotation": [-4.0615, 9.97539, 179.2953],
							"uv": {
								"north": {"uv": [22, 43], "uv_size": [1, 1]},
								"east": {"uv": [33, 13], "uv_size": [2, 1]},
								"south": {"uv": [43, 22], "uv_size": [1, 1]},
								"west": {"uv": [18, 33], "uv_size": [2, 1]},
								"up": {"uv": [33, 18], "uv_size": [1, 2]},
								"down": {"uv": [33, 22], "uv_size": [1, -2]}
							}
						},
						{
							"origin": [5.33621, 5.58975, -7.45574],
							"size": [0.54905, 0.37584, 1.90041],
							"pivot": [3.98174, 5.89502, 0.11574],
							"rotation": [-2.89956, 12.81484, -135.57378],
							"uv": {
								"north": {"uv": [23, 43], "uv_size": [1, 1]},
								"east": {"uv": [21, 33], "uv_size": [2, 1]},
								"south": {"uv": [43, 23], "uv_size": [1, 1]},
								"west": {"uv": [23, 33], "uv_size": [2, 1]},
								"up": {"uv": [33, 25], "uv_size": [1, 2]},
								"down": {"uv": [26, 35], "uv_size": [1, -2]}
							}
						},
						{
							"origin": [5.33621, 5.82446, -7.45574],
							"size": [0.54905, 0.37584, 1.90041],
							"pivot": [3.98174, 5.89502, 0.11574],
							"rotation": [2.89956, 12.81484, -44.42622],
							"uv": {
								"north": {"uv": [24, 43], "uv_size": [1, 1]},
								"east": {"uv": [27, 33], "uv_size": [2, 1]},
								"south": {"uv": [43, 24], "uv_size": [1, 1]},
								"west": {"uv": [29, 33], "uv_size": [2, 1]},
								"up": {"uv": [31, 33], "uv_size": [1, 2]},
								"down": {"uv": [33, 33], "uv_size": [1, -2]}
							}
						},
						{
							"origin": [5.10507, 5.82446, -7.4965],
							"size": [0.54905, 0.37584, 1.90041],
							"pivot": [3.98174, 5.89502, 0.11574],
							"rotation": [2.84952, 7.1605, 45.42535],
							"uv": {
								"north": {"uv": [25, 43], "uv_size": [1, 1]},
								"east": {"uv": [32, 33], "uv_size": [2, 1]},
								"west": {"uv": [0, 34], "uv_size": [2, 1]},
								"up": {"uv": [2, 34], "uv_size": [1, 2]}
							}
						},
						{
							"origin": [5.10507, 5.58975, -7.4965],
							"size": [0.54905, 0.37584, 1.90041],
							"pivot": [3.98174, 5.89502, 0.11574],
							"rotation": [-2.84952, 7.1605, 134.57465],
							"uv": {
								"north": {"uv": [43, 25], "uv_size": [1, 1]},
								"east": {"uv": [3, 34], "uv_size": [2, 1]},
								"south": {"uv": [26, 43], "uv_size": [1, 1]},
								"west": {"uv": [34, 3], "uv_size": [2, 1]},
								"up": {"uv": [34, 4], "uv_size": [1, 2]},
								"down": {"uv": [5, 36], "uv_size": [1, -2]}
							}
						},
						{
							"origin": [5.54223, 5.83654, -7.44722],
							"size": [0.36137, 0.25255, 1.90041],
							"pivot": [3.98174, 5.89502, 0.11574],
							"rotation": [1.57442, 13.69142, -67.17662],
							"uv": {
								"east": {"uv": [6, 34], "uv_size": [2, 1]},
								"south": {"uv": [43, 26], "uv_size": [1, 1]},
								"west": {"uv": [34, 6], "uv_size": [2, 1]},
								"up": {"uv": [8, 34], "uv_size": [1, 2]}
							}
						},
						{
							"origin": [5.45379, 5.91781, -7.46282],
							"size": [0.36137, 0.25255, 1.90041],
							"pivot": [3.98174, 5.89502, 0.11574],
							"rotation": [3.771, 11.50856, -21.79603],
							"uv": {
								"north": {"uv": [27, 43], "uv_size": [1, 1]},
								"east": {"uv": [34, 8], "uv_size": [2, 1]},
								"west": {"uv": [34, 9], "uv_size": [2, 1]},
								"up": {"uv": [9, 34], "uv_size": [1, 2]}
							}
						},
						{
							"origin": [5.3287, 5.92635, -7.48528],
							"size": [0.36137, 0.25255, 1.90041],
							"pivot": [3.98174, 5.89502, 0.11574],
							"rotation": [3.73568, 8.44941, 23.09912],
							"uv": {
								"north": {"uv": [43, 27], "uv_size": [1, 1]},
								"east": {"uv": [34, 10], "uv_size": [2, 1]},
								"west": {"uv": [11, 34], "uv_size": [2, 1]},
								"down": {"uv": [13, 36], "uv_size": [1, -2]}
							}
						},
						{
							"origin": [5.24027, 5.82795, -7.50087],
							"size": [0.36137, 0.25255, 1.90041],
							"pivot": [3.98174, 5.89502, 0.11574],
							"rotation": [1.53897, 6.30135, 67.71832],
							"uv": {
								"north": {"uv": [28, 43], "uv_size": [1, 1]},
								"east": {"uv": [34, 11], "uv_size": [2, 1]},
								"south": {"uv": [43, 28], "uv_size": [1, 1]},
								"west": {"uv": [34, 14], "uv_size": [2, 1]},
								"up": {"uv": [14, 34], "uv_size": [1, 2]},
								"down": {"uv": [34, 17], "uv_size": [1, -2]}
							}
						},
						{
							"origin": [5.24029, 5.70949, -7.50046],
							"size": [0.36137, 0.25255, 1.90041],
							"pivot": [3.98174, 5.89502, 0.11574],
							"rotation": [-1.53897, 6.30135, 112.28168],
							"uv": {
								"north": {"uv": [29, 43], "uv_size": [1, 1]},
								"east": {"uv": [16, 34], "uv_size": [2, 1]},
								"south": {"uv": [43, 29], "uv_size": [1, 1]},
								"west": {"uv": [34, 17], "uv_size": [2, 1]},
								"up": {"uv": [18, 34], "uv_size": [1, 2]}
							}
						},
						{
							"origin": [5.32874, 5.61117, -7.48486],
							"size": [0.36137, 0.25255, 1.90041],
							"pivot": [3.98174, 5.89502, 0.11574],
							"rotation": [-3.73568, 8.44941, 156.90088],
							"uv": {
								"north": {"uv": [30, 43], "uv_size": [1, 1]},
								"east": {"uv": [34, 18], "uv_size": [2, 1]},
								"west": {"uv": [19, 34], "uv_size": [2, 1]},
								"up": {"uv": [34, 19], "uv_size": [1, 2]},
								"down": {"uv": [21, 36], "uv_size": [1, -2]}
							}
						},
						{
							"origin": [5.54225, 5.70097, -7.44762],
							"size": [0.36137, 0.25255, 1.90041],
							"pivot": [3.98174, 5.89502, 0.11574],
							"rotation": [-1.57442, 13.69142, -112.82338],
							"uv": {
								"east": {"uv": [34, 21], "uv_size": [2, 1]},
								"south": {"uv": [43, 30], "uv_size": [1, 1]},
								"west": {"uv": [22, 34], "uv_size": [2, 1]},
								"down": {"uv": [34, 24], "uv_size": [1, -2]}
							}
						},
						{
							"origin": [5.45382, 5.61974, -7.46322],
							"size": [0.36137, 0.25255, 1.90041],
							"pivot": [3.98174, 5.89502, 0.11574],
							"rotation": [-3.771, 11.50856, -158.20397],
							"uv": {
								"north": {"uv": [31, 43], "uv_size": [1, 1]},
								"east": {"uv": [24, 34], "uv_size": [2, 1]},
								"west": {"uv": [34, 24], "uv_size": [2, 1]},
								"up": {"uv": [34, 25], "uv_size": [1, 2]},
								"down": {"uv": [27, 36], "uv_size": [1, -2]}
							}
						},
						{
							"origin": [3.0477, 5.43502, 6.99227],
							"size": [2.2, 0.92, 0.2],
							"pivot": [3.98174, 5.89502, 0.11574],
							"rotation": [0, 4, -90],
							"uv": {
								"north": {"uv": [34, 27], "uv_size": [2, 1]},
								"east": {"uv": [43, 31], "uv_size": [1, 1]},
								"south": {"uv": [28, 34], "uv_size": [2, 1]},
								"west": {"uv": [32, 43], "uv_size": [1, 1]},
								"up": {"uv": [34, 28], "uv_size": [2, 1]},
								"down": {"uv": [34, 30], "uv_size": [2, -1]}
							}
						},
						{
							"origin": [2.88174, 5.60099, 6.99227],
							"size": [2.2, 0.92, 0.2],
							"pivot": [3.98174, 5.89502, 0.11574],
							"rotation": [4, 0, 0],
							"uv": {
								"north": {"uv": [34, 30], "uv_size": [2, 1]},
								"east": {"uv": [43, 32], "uv_size": [1, 1]},
								"south": {"uv": [34, 31], "uv_size": [2, 1]},
								"west": {"uv": [33, 43], "uv_size": [1, 1]},
								"up": {"uv": [32, 34], "uv_size": [2, 1]},
								"down": {"uv": [34, 33], "uv_size": [2, -1]}
							}
						},
						{
							"origin": [2.99601, 5.55983, 6.99227],
							"size": [2.20617, 0.9051, 0.2],
							"pivot": [3.98174, 5.89502, 0.11574],
							"rotation": [2.83073, 2.82728, -44.93013],
							"uv": {
								"north": {"uv": [34, 33], "uv_size": [2, 1]},
								"east": {"uv": [43, 33], "uv_size": [1, 1]},
								"south": {"uv": [34, 34], "uv_size": [2, 1]},
								"west": {"uv": [34, 43], "uv_size": [1, 1]},
								"up": {"uv": [0, 35], "uv_size": [2, 1]},
								"down": {"uv": [35, 1], "uv_size": [2, -1]}
							}
						},
						{
							"origin": [2.996, 5.32512, 6.99227],
							"size": [2.20617, 0.9051, 0.2],
							"pivot": [3.98174, 5.89502, 0.11574],
							"rotation": [-2.83073, 2.82728, -135.06987],
							"uv": {
								"north": {"uv": [35, 1], "uv_size": [2, 1]},
								"east": {"uv": [43, 34], "uv_size": [1, 1]},
								"south": {"uv": [35, 2], "uv_size": [2, 1]},
								"west": {"uv": [35, 43], "uv_size": [1, 1]},
								"up": {"uv": [3, 35], "uv_size": [2, 1]},
								"down": {"uv": [35, 5], "uv_size": [2, -1]}
							}
						}
					]
				},
				{
					"name": "ammo_2",
					"parent": "mag_1",
					"pivot": [4.44174, 3.2429, 7.1175],
					"cubes": [
						{
							"origin": [2.98174, 3.6917, -2.3877],
							"size": [2, 0.82, 9.4],
							"pivot": [3.98174, 6.13573, 0.13578],
							"rotation": [2, 0, 0],
							"uv": {
								"north": {"uv": [35, 5], "uv_size": [2, 1]},
								"east": {"uv": [20, 3], "uv_size": [9, 1]},
								"south": {"uv": [6, 35], "uv_size": [2, 1]},
								"west": {"uv": [20, 4], "uv_size": [9, 1]}
							}
						},
						{
							"origin": [0.9477, 5.72573, -2.3877],
							"size": [2, 0.82, 9.4],
							"pivot": [3.98174, 6.13573, 0.13578],
							"rotation": [0, 2, -90],
							"uv": {
								"north": {"uv": [35, 7], "uv_size": [2, 1]},
								"east": {"uv": [20, 5], "uv_size": [9, 1]},
								"south": {"uv": [10, 35], "uv_size": [2, 1]},
								"west": {"uv": [20, 6], "uv_size": [9, 1]},
								"up": {"uv": [12, 0], "uv_size": [2, 9]},
								"down": {"uv": [12, 18], "uv_size": [2, -9]}
							}
						},
						{
							"origin": [1.54644, 4.28026, -2.3877],
							"size": [1.99404, 0.83439, 9.4],
							"pivot": [3.98174, 6.13573, 0.13578],
							"rotation": [1.4145, 1.41407, -44.98254],
							"uv": {
								"north": {"uv": [35, 12], "uv_size": [2, 1]},
								"east": {"uv": [20, 7], "uv_size": [9, 1]},
								"south": {"uv": [35, 13], "uv_size": [2, 1]},
								"west": {"uv": [20, 8], "uv_size": [9, 1]},
								"up": {"uv": [14, 0], "uv_size": [2, 9]},
								"down": {"uv": [14, 18], "uv_size": [2, -9]}
							}
						},
						{
							"origin": [4.423, 4.28026, -2.3877],
							"size": [1.99404, 0.83439, 9.4],
							"pivot": [3.98174, 6.13573, 0.13578],
							"rotation": [1.4145, -1.41407, 44.98254],
							"uv": {
								"north": {"uv": [15, 35], "uv_size": [2, 1]},
								"east": {"uv": [10, 20], "uv_size": [9, 1]},
								"south": {"uv": [35, 15], "uv_size": [2, 1]},
								"west": {"uv": [19, 20], "uv_size": [9, 1]},
								"up": {"uv": [16, 0], "uv_size": [2, 9]},
								"down": {"uv": [16, 18], "uv_size": [2, -9]}
							}
						},
						{
							"origin": [6.33367, 4.35402, -4.16571],
							"size": [0.29559, 0.68687, 1.99986],
							"pivot": [3.98174, 6.13573, 0.13578],
							"rotation": [1.41684, 3.58441, 45.10605],
							"uv": {
								"north": {"uv": [43, 35], "uv_size": [1, 1]},
								"east": {"uv": [35, 16], "uv_size": [2, 1]},
								"south": {"uv": [36, 43], "uv_size": [1, 1]},
								"west": {"uv": [19, 35], "uv_size": [2, 1]},
								"up": {"uv": [30, 34], "uv_size": [1, 2]},
								"down": {"uv": [12, 37], "uv_size": [1, -2]}
							}
						},
						{
							"origin": [3.46806, 4.35401, -4.41642],
							"size": [0.29559, 0.68687, 1.99986],
							"pivot": [3.98174, 6.13573, 0.13578],
							"rotation": [1.42297, 6.41254, -44.8585],
							"uv": {
								"north": {"uv": [43, 36], "uv_size": [1, 1]},
								"east": {"uv": [35, 19], "uv_size": [2, 1]},
								"south": {"uv": [37, 43], "uv_size": [1, 1]},
								"west": {"uv": [35, 20], "uv_size": [2, 1]},
								"up": {"uv": [17, 35], "uv_size": [1, 2]},
								"down": {"uv": [22, 37], "uv_size": [1, -2]}
							}
						},
						{
							"origin": [2.87157, 5.79573, -4.46822],
							"size": [0.3, 0.68, 2],
							"pivot": [3.98174, 6.13573, 0.13578],
							"rotation": [0, 7, -90],
							"uv": {
								"north": {"uv": [43, 37], "uv_size": [1, 1]},
								"east": {"uv": [35, 22], "uv_size": [2, 1]},
								"south": {"uv": [38, 43], "uv_size": [1, 1]},
								"west": {"uv": [23, 35], "uv_size": [2, 1]},
								"up": {"uv": [25, 35], "uv_size": [1, 2]},
								"down": {"uv": [35, 27], "uv_size": [1, -2]}
							}
						},
						{
							"origin": [4.89788, 3.7617, -4.29094],
							"size": [0.3, 0.68, 2],
							"pivot": [3.98174, 6.13573, 0.13578],
							"rotation": [2.00763, 4.99695, 0.17494],
							"uv": {
								"north": {"uv": [43, 38], "uv_size": [1, 1]},
								"east": {"uv": [35, 23], "uv_size": [2, 1]},
								"south": {"uv": [39, 43], "uv_size": [1, 1]},
								"west": {"uv": [28, 35], "uv_size": [2, 1]},
								"up": {"uv": [26, 35], "uv_size": [1, 2]},
								"down": {"uv": [31, 37], "uv_size": [1, -2]}
							}
						},
						{
							"origin": [4.89788, 7.82978, -4.29095],
							"size": [0.3, 0.68, 2],
							"pivot": [3.98174, 6.13573, 0.13578],
							"rotation": [-2.00763, 4.99695, 179.82506],
							"uv": {
								"north": {"uv": [43, 39], "uv_size": [1, 1]},
								"east": {"uv": [32, 35], "uv_size": [2, 1]},
								"south": {"uv": [40, 43], "uv_size": [1, 1]},
								"west": {"uv": [34, 35], "uv_size": [2, 1]},
								"up": {"uv": [0, 36], "uv_size": [1, 2]},
								"down": {"uv": [1, 38], "uv_size": [1, -2]}
							}
						},
						{
							"origin": [6.92417, 5.79573, -4.11366],
							"size": [0.3, 0.68, 2],
							"pivot": [3.98174, 6.13573, 0.13578],
							"rotation": [0, 3, 90],
							"uv": {
								"north": {"uv": [43, 40], "uv_size": [1, 1]},
								"east": {"uv": [2, 36], "uv_size": [2, 1]},
								"south": {"uv": [41, 43], "uv_size": [1, 1]},
								"west": {"uv": [36, 3], "uv_size": [2, 1]},
								"up": {"uv": [4, 36], "uv_size": [1, 2]},
								"down": {"uv": [5, 38], "uv_size": [1, -2]}
							}
						},
						{
							"origin": [6.33367, 7.23059, -4.16572],
							"size": [0.29559, 0.68687, 1.99986],
							"pivot": [3.98174, 6.13573, 0.13578],
							"rotation": [-1.41684, 3.58441, 134.89395],
							"uv": {
								"north": {"uv": [43, 41], "uv_size": [1, 1]},
								"east": {"uv": [6, 36], "uv_size": [2, 1]},
								"south": {"uv": [42, 43], "uv_size": [1, 1]},
								"west": {"uv": [36, 6], "uv_size": [2, 1]},
								"up": {"uv": [8, 36], "uv_size": [1, 2]},
								"down": {"uv": [36, 10], "uv_size": [1, -2]}
							}
						},
						{
							"origin": [3.46805, 7.23059, -4.41643],
							"size": [0.29559, 0.68687, 1.99986],
							"pivot": [3.98174, 6.13573, 0.13578],
							"rotation": [-1.42297, 6.41254, -135.1415],
							"uv": {
								"north": {"uv": [43, 42], "uv_size": [1, 1]},
								"east": {"uv": [9, 36], "uv_size": [2, 1]},
								"south": {"uv": [43, 43], "uv_size": [1, 1]},
								"west": {"uv": [36, 10], "uv_size": [2, 1]},
								"up": {"uv": [11, 36], "uv_size": [1, 2]},
								"down": {"uv": [13, 38], "uv_size": [1, -2]}
							}
						},
						{
							"origin": [1.17201, 5.81573, -5.78009],
							"size": [1.55138, 0.64, 1.4],
							"pivot": [3.98174, 6.13573, 0.13578],
							"rotation": [0, 2, -90],
							"uv": {
								"north": {"uv": [36, 11], "uv_size": [2, 1]},
								"east": {"uv": [0, 44], "uv_size": [1, 1]},
								"south": {"uv": [14, 36], "uv_size": [2, 1]},
								"west": {"uv": [44, 0], "uv_size": [1, 1]},
								"up": {"uv": [36, 14], "uv_size": [2, 1]},
								"down": {"uv": [36, 18], "uv_size": [2, -1]}
							}
						},
						{
							"origin": [3.20605, 3.7817, -5.78009],
							"size": [1.55138, 0.64, 1.4],
							"pivot": [3.98174, 6.13573, 0.13578],
							"rotation": [2, 0, 0],
							"uv": {
								"north": {"uv": [18, 36], "uv_size": [2, 1]},
								"east": {"uv": [1, 44], "uv_size": [1, 1]},
								"south": {"uv": [36, 18], "uv_size": [2, 1]},
								"west": {"uv": [44, 1], "uv_size": [1, 1]}
							}
						},
						{
							"origin": [1.76869, 4.37523, -5.78009],
							"size": [1.54954, 0.64444, 1.4],
							"pivot": [3.98174, 6.13573, 0.13578],
							"rotation": [1.4145, 1.41407, -44.98254],
							"uv": {
								"north": {"uv": [20, 36], "uv_size": [2, 1]},
								"east": {"uv": [2, 44], "uv_size": [1, 1]},
								"south": {"uv": [36, 21], "uv_size": [2, 1]},
								"west": {"uv": [44, 2], "uv_size": [1, 1]},
								"up": {"uv": [23, 36], "uv_size": [2, 1]},
								"down": {"uv": [36, 25], "uv_size": [2, -1]}
							}
						},
						{
							"origin": [4.64525, 4.37523, -5.78009],
							"size": [1.54954, 0.64444, 1.4],
							"pivot": [3.98174, 6.13573, 0.13578],
							"rotation": [1.4145, -1.41407, 44.98254],
							"uv": {
								"north": {"uv": [36, 25], "uv_size": [2, 1]},
								"east": {"uv": [3, 44], "uv_size": [1, 1]},
								"south": {"uv": [36, 26], "uv_size": [2, 1]},
								"west": {"uv": [44, 3], "uv_size": [1, 1]},
								"up": {"uv": [27, 36], "uv_size": [2, 1]},
								"down": {"uv": [36, 28], "uv_size": [2, -1]}
							}
						},
						{
							"origin": [3.21841, 5.95573, -7.80873],
							"size": [0.55138, 0.36, 1.9],
							"pivot": [3.98174, 6.13573, 0.13578],
							"rotation": [0, 12, -90],
							"uv": {
								"north": {"uv": [4, 44], "uv_size": [1, 1]},
								"east": {"uv": [36, 28], "uv_size": [2, 1]},
								"south": {"uv": [44, 4], "uv_size": [1, 1]},
								"west": {"uv": [29, 36], "uv_size": [2, 1]},
								"up": {"uv": [16, 36], "uv_size": [1, 2]},
								"down": {"uv": [36, 31], "uv_size": [1, -2]}
							}
						},
						{
							"origin": [5.22154, 3.9217, -7.45552],
							"size": [0.55138, 0.36, 1.9],
							"pivot": [3.98174, 6.13573, 0.13578],
							"rotation": [2.03083, 9.99385, 0.35258],
							"uv": {
								"north": {"uv": [5, 44], "uv_size": [1, 1]},
								"east": {"uv": [36, 31], "uv_size": [2, 1]},
								"west": {"uv": [32, 36], "uv_size": [2, 1]},
								"up": {"uv": [36, 32], "uv_size": [1, 2]},
								"down": {"uv": [34, 38], "uv_size": [1, -2]}
							}
						},
						{
							"origin": [7.22469, 5.95573, -7.10231],
							"size": [0.55138, 0.36, 1.9],
							"pivot": [3.98174, 6.13573, 0.13578],
							"rotation": [0, 8, 90],
							"uv": {
								"north": {"uv": [44, 5], "uv_size": [1, 1]},
								"east": {"uv": [36, 34], "uv_size": [2, 1]},
								"south": {"uv": [6, 44], "uv_size": [1, 1]},
								"west": {"uv": [35, 36], "uv_size": [2, 1]},
								"up": {"uv": [37, 0], "uv_size": [1, 2]},
								"down": {"uv": [2, 39], "uv_size": [1, -2]}
							}
						},
						{
							"origin": [5.22154, 7.98977, -7.45552],
							"size": [0.55138, 0.36, 1.9],
							"pivot": [3.98174, 6.13573, 0.13578],
							"rotation": [-2.03083, 9.99385, 179.64742],
							"uv": {
								"north": {"uv": [44, 6], "uv_size": [1, 1]},
								"east": {"uv": [36, 35], "uv_size": [2, 1]},
								"south": {"uv": [7, 44], "uv_size": [1, 1]},
								"west": {"uv": [37, 2], "uv_size": [2, 1]},
								"up": {"uv": [3, 37], "uv_size": [1, 2]},
								"down": {"uv": [37, 6], "uv_size": [1, -2]}
							}
						},
						{
							"origin": [3.8042, 7.38609, -7.70584],
							"size": [0.54905, 0.37584, 1.90041],
							"pivot": [3.98174, 6.13573, 0.13578],
							"rotation": [-1.44259, 11.41098, -135.26801],
							"uv": {
								"north": {"uv": [44, 7], "uv_size": [1, 1]},
								"east": {"uv": [6, 37], "uv_size": [2, 1]},
								"south": {"uv": [8, 44], "uv_size": [1, 1]},
								"west": {"uv": [37, 7], "uv_size": [2, 1]},
								"up": {"uv": [37, 8], "uv_size": [1, 2]},
								"down": {"uv": [9, 39], "uv_size": [1, -2]}
							}
						},
						{
							"origin": [3.80421, 4.50953, -7.70584],
							"size": [0.54905, 0.37584, 1.90041],
							"pivot": [3.98174, 6.13573, 0.13578],
							"rotation": [1.44259, 11.41098, -44.73199],
							"uv": {
								"north": {"uv": [44, 8], "uv_size": [1, 1]},
								"east": {"uv": [37, 12], "uv_size": [2, 1]},
								"south": {"uv": [9, 44], "uv_size": [1, 1]},
								"west": {"uv": [37, 13], "uv_size": [2, 1]},
								"up": {"uv": [10, 37], "uv_size": [1, 2]},
								"down": {"uv": [12, 39], "uv_size": [1, -2]}
							}
						},
						{
							"origin": [6.63707, 4.50953, -7.20634],
							"size": [0.54905, 0.37584, 1.90041],
							"pivot": [3.98174, 6.13573, 0.13578],
							"rotation": [1.43009, 8.58286, 45.23093],
							"uv": {
								"north": {"uv": [44, 9], "uv_size": [1, 1]},
								"east": {"uv": [14, 37], "uv_size": [2, 1]},
								"west": {"uv": [37, 15], "uv_size": [2, 1]},
								"up": {"uv": [17, 37], "uv_size": [1, 2]}
							}
						},
						{
							"origin": [6.63707, 7.38609, -7.20634],
							"size": [0.54905, 0.37584, 1.90041],
							"pivot": [3.98174, 6.13573, 0.13578],
							"rotation": [-1.43009, 8.58286, 134.76907],
							"uv": {
								"north": {"uv": [10, 44], "uv_size": [1, 1]},
								"east": {"uv": [37, 16], "uv_size": [2, 1]},
								"south": {"uv": [44, 10], "uv_size": [1, 1]},
								"west": {"uv": [18, 37], "uv_size": [2, 1]},
								"up": {"uv": [37, 19], "uv_size": [1, 2]},
								"down": {"uv": [20, 39], "uv_size": [1, -2]}
							}
						},
						{
							"origin": [3.54058, 5.23534, -7.78013],
							"size": [0.36137, 0.25255, 1.90041],
							"pivot": [3.98174, 6.13573, 0.13578],
							"rotation": [0.78189, 11.8468, -67.35181],
							"uv": {
								"east": {"uv": [21, 37], "uv_size": [2, 1]},
								"south": {"uv": [11, 44], "uv_size": [1, 1]},
								"west": {"uv": [37, 22], "uv_size": [2, 1]},
								"up": {"uv": [23, 37], "uv_size": [1, 2]}
							}
						},
						{
							"origin": [4.62467, 4.12599, -7.58898],
							"size": [0.36137, 0.25255, 1.90041],
							"pivot": [3.98174, 6.13573, 0.13578],
							"rotation": [1.88078, 10.75997, -22.16109],
							"uv": {
								"north": {"uv": [44, 11], "uv_size": [1, 1]},
								"east": {"uv": [37, 23], "uv_size": [2, 1]},
								"west": {"uv": [24, 37], "uv_size": [2, 1]},
								"up": {"uv": [26, 37], "uv_size": [1, 2]}
							}
						},
						{
							"origin": [6.15781, 4.13453, -7.31905],
							"size": [0.36137, 0.25255, 1.90041],
							"pivot": [3.98174, 6.13573, 0.13578],
							"rotation": [1.87195, 9.22952, 22.81269],
							"uv": {
								"north": {"uv": [12, 44], "uv_size": [1, 1]},
								"east": {"uv": [27, 37], "uv_size": [2, 1]},
								"west": {"uv": [29, 37], "uv_size": [2, 1]},
								"down": {"uv": [37, 31], "uv_size": [1, -2]}
							}
						},
						{
							"origin": [7.24192, 5.22675, -7.12789],
							"size": [0.36137, 0.25255, 1.90041],
							"pivot": [3.98174, 6.13573, 0.13578],
							"rotation": [0.77304, 8.1514, 67.62196],
							"uv": {
								"north": {"uv": [44, 12], "uv_size": [1, 1]},
								"east": {"uv": [31, 37], "uv_size": [2, 1]},
								"south": {"uv": [13, 44], "uv_size": [1, 1]},
								"west": {"uv": [37, 32], "uv_size": [2, 1]},
								"up": {"uv": [33, 37], "uv_size": [1, 2]},
								"down": {"uv": [35, 39], "uv_size": [1, -2]}
							}
						},
						{
							"origin": [7.24194, 6.7921, -7.12748],
							"size": [0.36137, 0.25255, 1.90041],
							"pivot": [3.98174, 6.13573, 0.13578],
							"rotation": [-0.77304, 8.1514, 112.37804],
							"uv": {
								"north": {"uv": [44, 13], "uv_size": [1, 1]},
								"east": {"uv": [37, 33], "uv_size": [2, 1]},
								"south": {"uv": [14, 44], "uv_size": [1, 1]},
								"west": {"uv": [36, 37], "uv_size": [2, 1]},
								"up": {"uv": [0, 38], "uv_size": [1, 2]}
							}
						},
						{
							"origin": [6.15785, 7.88441, -7.31863],
							"size": [0.36137, 0.25255, 1.90041],
							"pivot": [3.98174, 6.13573, 0.13578],
							"rotation": [-1.87195, 9.22952, 157.18731],
							"uv": {
								"north": {"uv": [44, 14], "uv_size": [1, 1]},
								"east": {"uv": [37, 36], "uv_size": [2, 1]},
								"west": {"uv": [38, 0], "uv_size": [2, 1]},
								"up": {"uv": [1, 38], "uv_size": [1, 2]},
								"down": {"uv": [38, 5], "uv_size": [1, -2]}
							}
						},
						{
							"origin": [3.54059, 6.78358, -7.78054],
							"size": [0.36137, 0.25255, 1.90041],
							"pivot": [3.98174, 6.13573, 0.13578],
							"rotation": [-0.78189, 11.8468, -112.64819],
							"uv": {
								"east": {"uv": [38, 1], "uv_size": [2, 1]},
								"south": {"uv": [15, 44], "uv_size": [1, 1]},
								"west": {"uv": [4, 38], "uv_size": [2, 1]},
								"down": {"uv": [38, 7], "uv_size": [1, -2]}
							}
						},
						{
							"origin": [4.6247, 7.89299, -7.58938],
							"size": [0.36137, 0.25255, 1.90041],
							"pivot": [3.98174, 6.13573, 0.13578],
							"rotation": [-1.88078, 10.75997, -157.83891],
							"uv": {
								"north": {"uv": [44, 15], "uv_size": [1, 1]},
								"east": {"uv": [6, 38], "uv_size": [2, 1]},
								"west": {"uv": [38, 8], "uv_size": [2, 1]},
								"up": {"uv": [8, 38], "uv_size": [1, 2]},
								"down": {"uv": [38, 11], "uv_size": [1, -2]}
							}
						},
						{
							"origin": [0.8477, 5.67573, 7.0123],
							"size": [2.2, 0.92, 0.2],
							"pivot": [3.98174, 6.13573, 0.13578],
							"rotation": [0, 2, -90],
							"uv": {
								"north": {"uv": [38, 11], "uv_size": [2, 1]},
								"east": {"uv": [16, 44], "uv_size": [1, 1]},
								"south": {"uv": [13, 38], "uv_size": [2, 1]},
								"west": {"uv": [44, 16], "uv_size": [1, 1]},
								"up": {"uv": [38, 14], "uv_size": [2, 1]},
								"down": {"uv": [15, 39], "uv_size": [2, -1]}
							}
						},
						{
							"origin": [2.88174, 3.6417, 7.0123],
							"size": [2.2, 0.92, 0.2],
							"pivot": [3.98174, 6.13573, 0.13578],
							"rotation": [2, 0, 0],
							"uv": {
								"north": {"uv": [38, 17], "uv_size": [2, 1]},
								"east": {"uv": [17, 44], "uv_size": [1, 1]},
								"south": {"uv": [18, 38], "uv_size": [2, 1]},
								"west": {"uv": [44, 17], "uv_size": [1, 1]},
								"up": {"uv": [38, 18], "uv_size": [2, 1]},
								"down": {"uv": [38, 20], "uv_size": [2, -1]}
							}
						},
						{
							"origin": [1.44037, 4.2449, 7.0123],
							"size": [2.20617, 0.9051, 0.2],
							"pivot": [3.98174, 6.13573, 0.13578],
							"rotation": [1.4145, 1.41407, -44.98254],
							"uv": {
								"north": {"uv": [38, 20], "uv_size": [2, 1]},
								"east": {"uv": [18, 44], "uv_size": [1, 1]},
								"south": {"uv": [21, 38], "uv_size": [2, 1]},
								"west": {"uv": [44, 18], "uv_size": [1, 1]},
								"up": {"uv": [38, 21], "uv_size": [2, 1]},
								"down": {"uv": [24, 39], "uv_size": [2, -1]}
							}
						},
						{
							"origin": [1.44037, 7.12146, 7.0123],
							"size": [2.20617, 0.9051, 0.2],
							"pivot": [3.98174, 6.13573, 0.13578],
							"rotation": [-1.4145, 1.41407, -135.01746],
							"uv": {
								"north": {"uv": [38, 24], "uv_size": [2, 1]},
								"east": {"uv": [19, 44], "uv_size": [1, 1]},
								"south": {"uv": [38, 25], "uv_size": [2, 1]},
								"west": {"uv": [44, 19], "uv_size": [1, 1]},
								"up": {"uv": [38, 26], "uv_size": [2, 1]},
								"down": {"uv": [27, 39], "uv_size": [2, -1]}
							}
						}
					]
				},
				{
					"name": "ammo_1",
					"parent": "mag_1",
					"pivot": [3.98174, 2.1429, 7.2175],
					"cubes": [
						{
							"origin": [2.98174, 1.7329, -2.2825],
							"size": [2, 0.82, 9.4],
							"uv": {
								"north": {"uv": [38, 27], "uv_size": [2, 1]},
								"east": {"uv": [10, 21], "uv_size": [9, 1]},
								"south": {"uv": [38, 28], "uv_size": [2, 1]},
								"west": {"uv": [19, 21], "uv_size": [9, 1]}
							}
						},
						{
							"origin": [2.98174, 1.7329, -2.2825],
							"size": [2, 0.82, 9.4],
							"pivot": [3.98174, 2.1429, 2.4175],
							"rotation": [0, 0, -90],
							"uv": {
								"north": {"uv": [29, 38], "uv_size": [2, 1]},
								"east": {"uv": [10, 22], "uv_size": [9, 1]},
								"south": {"uv": [38, 29], "uv_size": [2, 1]},
								"west": {"uv": [19, 22], "uv_size": [9, 1]},
								"up": {"uv": [0, 18], "uv_size": [2, 9]},
								"down": {"uv": [18, 9], "uv_size": [2, -9]}
							}
						},
						{
							"origin": [2.98472, 1.72571, -2.2825],
							"size": [1.99404, 0.83439, 9.4],
							"pivot": [3.98174, 2.1429, 2.4175],
							"rotation": [0, 0, -45],
							"uv": {
								"north": {"uv": [38, 30], "uv_size": [2, 1]},
								"east": {"uv": [10, 23], "uv_size": [9, 1]},
								"south": {"uv": [31, 38], "uv_size": [2, 1]},
								"west": {"uv": [19, 23], "uv_size": [9, 1]},
								"up": {"uv": [2, 18], "uv_size": [2, 9]},
								"down": {"uv": [4, 27], "uv_size": [2, -9]}
							}
						},
						{
							"origin": [2.98472, 1.72571, -2.2825],
							"size": [1.99404, 0.83439, 9.4],
							"pivot": [3.98174, 2.1429, 2.4175],
							"rotation": [0, 0, 45],
							"uv": {
								"north": {"uv": [38, 31], "uv_size": [2, 1]},
								"east": {"uv": [10, 24], "uv_size": [9, 1]},
								"south": {"uv": [38, 34], "uv_size": [2, 1]},
								"west": {"uv": [19, 24], "uv_size": [9, 1]},
								"up": {"uv": [6, 18], "uv_size": [2, 9]},
								"down": {"uv": [8, 27], "uv_size": [2, -9]}
							}
						},
						{
							"origin": [4.37453, 1.25966, -4.26575],
							"size": [0.29559, 0.68687, 1.99986],
							"pivot": [4.52155, 1.60309, -3.26588],
							"rotation": [0, 5, 45],
							"uv": {
								"north": {"uv": [20, 44], "uv_size": [1, 1]},
								"east": {"uv": [38, 35], "uv_size": [2, 1]},
								"south": {"uv": [44, 20], "uv_size": [1, 1]},
								"west": {"uv": [36, 38], "uv_size": [2, 1]},
								"up": {"uv": [11, 38], "uv_size": [1, 2]},
								"down": {"uv": [34, 40], "uv_size": [1, -2]}
							}
						},
						{
							"origin": [4.37453, 2.33927, -4.26575],
							"size": [0.29559, 0.68687, 1.99986],
							"pivot": [4.52155, 2.68271, -3.26588],
							"rotation": [0, 5, -45],
							"uv": {
								"north": {"uv": [21, 44], "uv_size": [1, 1]},
								"east": {"uv": [38, 37], "uv_size": [2, 1]},
								"south": {"uv": [44, 21], "uv_size": [1, 1]},
								"west": {"uv": [38, 38], "uv_size": [2, 1]},
								"up": {"uv": [2, 39], "uv_size": [1, 2]},
								"down": {"uv": [39, 4], "uv_size": [1, -2]}
							}
						},
						{
							"origin": [3.83174, 2.56631, -4.26562],
							"size": [0.3, 0.68, 2],
							"pivot": [3.98174, 2.90631, -3.26562],
							"rotation": [0, 5, -90],
							"uv": {
								"north": {"uv": [22, 44], "uv_size": [1, 1]},
								"east": {"uv": [3, 39], "uv_size": [2, 1]},
								"south": {"uv": [44, 22], "uv_size": [1, 1]},
								"west": {"uv": [39, 4], "uv_size": [2, 1]},
								"up": {"uv": [5, 39], "uv_size": [1, 2]},
								"down": {"uv": [39, 7], "uv_size": [1, -2]}
							}
						},
						{
							"origin": [4.59516, 1.8029, -4.26562],
							"size": [0.3, 0.68, 2],
							"pivot": [4.74516, 2.1429, -3.26562],
							"rotation": [0, 5, 0],
							"uv": {
								"north": {"uv": [23, 44], "uv_size": [1, 1]},
								"east": {"uv": [6, 39], "uv_size": [2, 1]},
								"south": {"uv": [44, 23], "uv_size": [1, 1]},
								"west": {"uv": [39, 7], "uv_size": [2, 1]},
								"up": {"uv": [9, 39], "uv_size": [1, 2]},
								"down": {"uv": [39, 11], "uv_size": [1, -2]}
							}
						},
						{
							"origin": [3.83028, 1.57929, -4.23236],
							"size": [0.3, 0.68, 2],
							"pivot": [3.60003, 2.03109, -3.26575],
							"rotation": [0, 5, 180],
							"uv": {
								"north": {"uv": [24, 44], "uv_size": [1, 1]},
								"east": {"uv": [12, 39], "uv_size": [2, 1]},
								"south": {"uv": [44, 24], "uv_size": [1, 1]},
								"west": {"uv": [39, 12], "uv_size": [2, 1]},
								"up": {"uv": [10, 39], "uv_size": [1, 2]},
								"down": {"uv": [14, 41], "uv_size": [1, -2]}
							}
						},
						{
							"origin": [4.09915, 2.0728, -4.20883],
							"size": [0.3, 0.68, 2],
							"pivot": [3.60003, 2.03109, -3.26575],
							"rotation": [0, 5, 90],
							"uv": {
								"north": {"uv": [25, 44], "uv_size": [1, 1]},
								"east": {"uv": [39, 13], "uv_size": [2, 1]},
								"south": {"uv": [44, 25], "uv_size": [1, 1]},
								"west": {"uv": [15, 39], "uv_size": [2, 1]},
								"up": {"uv": [39, 15], "uv_size": [1, 2]},
								"down": {"uv": [17, 41], "uv_size": [1, -2]}
							}
						},
						{
							"origin": [3.86588, 1.87851, -4.22963],
							"size": [0.29559, 0.68687, 1.99986],
							"pivot": [3.60003, 2.03109, -3.26575],
							"rotation": [0, 5, 135],
							"uv": {
								"north": {"uv": [26, 44], "uv_size": [1, 1]},
								"east": {"uv": [18, 39], "uv_size": [2, 1]},
								"south": {"uv": [44, 26], "uv_size": [1, 1]},
								"west": {"uv": [20, 39], "uv_size": [2, 1]},
								"up": {"uv": [22, 39], "uv_size": [1, 2]},
								"down": {"uv": [39, 24], "uv_size": [1, -2]}
							}
						},
						{
							"origin": [4.0234, 1.3387, -4.21585],
							"size": [0.29559, 0.68687, 1.99986],
							"pivot": [3.60003, 2.03109, -3.26575],
							"rotation": [0, 5, -135],
							"uv": {
								"north": {"uv": [27, 44], "uv_size": [1, 1]},
								"east": {"uv": [23, 39], "uv_size": [2, 1]},
								"south": {"uv": [44, 27], "uv_size": [1, 1]},
								"west": {"uv": [25, 39], "uv_size": [2, 1]},
								"up": {"uv": [27, 39], "uv_size": [1, 2]},
								"down": {"uv": [28, 41], "uv_size": [1, -2]}
							}
						},
						{
							"origin": [3.20605, 1.8229, -5.67489],
							"size": [1.55138, 0.64, 1.4],
							"pivot": [3.98174, 2.1429, -4.97489],
							"rotation": [0, 0, -90],
							"uv": {
								"north": {"uv": [29, 39], "uv_size": [2, 1]},
								"east": {"uv": [28, 44], "uv_size": [1, 1]},
								"south": {"uv": [31, 39], "uv_size": [2, 1]},
								"west": {"uv": [44, 28], "uv_size": [1, 1]},
								"up": {"uv": [39, 32], "uv_size": [2, 1]},
								"down": {"uv": [39, 34], "uv_size": [2, -1]}
							}
						},
						{
							"origin": [3.20605, 1.8229, -5.67489],
							"size": [1.55138, 0.64, 1.4],
							"uv": {
								"north": {"uv": [35, 39], "uv_size": [2, 1]},
								"east": {"uv": [29, 44], "uv_size": [1, 1]},
								"south": {"uv": [39, 36], "uv_size": [2, 1]},
								"west": {"uv": [44, 29], "uv_size": [1, 1]}
							}
						},
						{
							"origin": [3.20697, 1.82068, -5.67489],
							"size": [1.54954, 0.64444, 1.4],
							"pivot": [3.98174, 2.1429, -4.97489],
							"rotation": [0, 0, -45],
							"uv": {
								"north": {"uv": [37, 39], "uv_size": [2, 1]},
								"east": {"uv": [30, 44], "uv_size": [1, 1]},
								"south": {"uv": [39, 39], "uv_size": [2, 1]},
								"west": {"uv": [44, 30], "uv_size": [1, 1]},
								"up": {"uv": [0, 40], "uv_size": [2, 1]},
								"down": {"uv": [40, 1], "uv_size": [2, -1]}
							}
						},
						{
							"origin": [3.20697, 1.82068, -5.67489],
							"size": [1.54954, 0.64444, 1.4],
							"pivot": [3.98174, 2.1429, -4.97489],
							"rotation": [0, 0, 45],
							"uv": {
								"north": {"uv": [40, 1], "uv_size": [2, 1]},
								"east": {"uv": [31, 44], "uv_size": [1, 1]},
								"south": {"uv": [40, 2], "uv_size": [2, 1]},
								"west": {"uv": [44, 31], "uv_size": [1, 1]},
								"up": {"uv": [3, 40], "uv_size": [2, 1]},
								"down": {"uv": [40, 4], "uv_size": [2, -1]}
							}
						},
						{
							"origin": [4.30605, 1.66782, -7.4046],
							"size": [0.55138, 0.36, 1.9],
							"pivot": [3.98174, 1.84782, -6.7046],
							"rotation": [0, 10, -90],
							"uv": {
								"north": {"uv": [32, 44], "uv_size": [1, 1]},
								"east": {"uv": [40, 5], "uv_size": [2, 1]},
								"south": {"uv": [44, 32], "uv_size": [1, 1]},
								"west": {"uv": [6, 40], "uv_size": [2, 1]},
								"up": {"uv": [33, 39], "uv_size": [1, 2]},
								"down": {"uv": [8, 42], "uv_size": [1, -2]}
							}
						},
						{
							"origin": [4.04375, 1.9629, -7.52995],
							"size": [0.55138, 0.36, 1.9],
							"pivot": [4.41944, 2.1429, -6.57995],
							"rotation": [0, 10, 0],
							"uv": {
								"north": {"uv": [33, 44], "uv_size": [1, 1]},
								"east": {"uv": [40, 6], "uv_size": [2, 1]},
								"west": {"uv": [40, 8], "uv_size": [2, 1]},
								"up": {"uv": [40, 9], "uv_size": [1, 2]},
								"down": {"uv": [11, 42], "uv_size": [1, -2]}
							}
						},
						{
							"origin": [3.60605, 1.52519, -7.52995],
							"size": [0.55138, 0.36, 1.9],
							"pivot": [3.98174, 1.70519, -6.57995],
							"rotation": [0, 10, 90],
							"uv": {
								"north": {"uv": [44, 33], "uv_size": [1, 1]},
								"east": {"uv": [40, 11], "uv_size": [2, 1]},
								"south": {"uv": [34, 44], "uv_size": [1, 1]},
								"west": {"uv": [12, 40], "uv_size": [2, 1]},
								"up": {"uv": [40, 14], "uv_size": [1, 2]},
								"down": {"uv": [15, 42], "uv_size": [1, -2]}
							}
						},
						{
							"origin": [3.16835, 1.9629, -7.52995],
							"size": [0.55138, 0.36, 1.9],
							"pivot": [3.54404, 2.1429, -6.57995],
							"rotation": [0, 10, -180],
							"uv": {
								"north": {"uv": [44, 34], "uv_size": [1, 1]},
								"east": {"uv": [40, 16], "uv_size": [2, 1]},
								"south": {"uv": [35, 44], "uv_size": [1, 1]},
								"west": {"uv": [40, 17], "uv_size": [2, 1]},
								"up": {"uv": [16, 40], "uv_size": [1, 2]},
								"down": {"uv": [18, 42], "uv_size": [1, -2]}
							}
						},
						{
							"origin": [3.29877, 2.26762, -7.53036],
							"size": [0.54905, 0.37584, 1.90041],
							"pivot": [3.67446, 2.45332, -6.57995],
							"rotation": [0, 10, -135],
							"uv": {
								"north": {"uv": [44, 35], "uv_size": [1, 1]},
								"east": {"uv": [40, 18], "uv_size": [2, 1]},
								"south": {"uv": [36, 44], "uv_size": [1, 1]},
								"west": {"uv": [19, 40], "uv_size": [2, 1]},
								"up": {"uv": [40, 19], "uv_size": [1, 2]},
								"down": {"uv": [21, 42], "uv_size": [1, -2]}
							}
						},
						{
							"origin": [3.91647, 2.26448, -7.53036],
							"size": [0.54905, 0.37584, 1.90041],
							"pivot": [4.29216, 2.45018, -6.57995],
							"rotation": [0, 10, -45],
							"uv": {
								"north": {"uv": [44, 36], "uv_size": [1, 1]},
								"east": {"uv": [40, 21], "uv_size": [2, 1]},
								"south": {"uv": [37, 44], "uv_size": [1, 1]},
								"west": {"uv": [40, 22], "uv_size": [2, 1]},
								"up": {"uv": [23, 40], "uv_size": [1, 2]},
								"down": {"uv": [40, 25], "uv_size": [1, -2]}
							}
						},
						{
							"origin": [3.82113, 1.86452, -7.49244],
							"size": [0.54905, 0.37584, 1.90041],
							"pivot": [3.98174, 1.83405, -6.57995],
							"rotation": [0, 10, 45],
							"uv": {
								"north": {"uv": [44, 37], "uv_size": [1, 1]},
								"east": {"uv": [24, 40], "uv_size": [2, 1]},
								"west": {"uv": [40, 25], "uv_size": [2, 1]},
								"up": {"uv": [26, 40], "uv_size": [1, 2]}
							}
						},
						{
							"origin": [3.82113, 1.42774, -7.49244],
							"size": [0.54905, 0.37584, 1.90041],
							"pivot": [3.98174, 1.83405, -6.57995],
							"rotation": [0, 10, 135],
							"uv": {
								"north": {"uv": [38, 44], "uv_size": [1, 1]},
								"east": {"uv": [40, 26], "uv_size": [2, 1]},
								"south": {"uv": [44, 38], "uv_size": [1, 1]},
								"west": {"uv": [40, 27], "uv_size": [2, 1]},
								"up": {"uv": [40, 28], "uv_size": [1, 2]},
								"down": {"uv": [29, 42], "uv_size": [1, -2]}
							}
						},
						{
							"origin": [4.04532, 2.37392, -7.51259],
							"size": [0.36137, 0.25255, 1.90041],
							"pivot": [4.16101, 2.44646, -6.56259],
							"rotation": [0, 10, -67.5],
							"uv": {
								"east": {"uv": [30, 40], "uv_size": [2, 1]},
								"south": {"uv": [39, 44], "uv_size": [1, 1]},
								"west": {"uv": [40, 30], "uv_size": [2, 1]},
								"up": {"uv": [32, 40], "uv_size": [1, 2]}
							}
						},
						{
							"origin": [4.21074, 2.15035, -7.51259],
							"size": [0.36137, 0.25255, 1.90041],
							"pivot": [4.32642, 2.22289, -6.56259],
							"rotation": [0, 10, -22.5],
							"uv": {
								"north": {"uv": [44, 39], "uv_size": [1, 1]},
								"east": {"uv": [40, 31], "uv_size": [2, 1]},
								"west": {"uv": [34, 40], "uv_size": [2, 1]},
								"up": {"uv": [40, 34], "uv_size": [1, 2]}
							}
						},
						{
							"origin": [4.14473, 1.91682, -7.50385],
							"size": [0.36137, 0.25255, 1.90041],
							"pivot": [4.20858, 1.91602, -6.56279],
							"rotation": [0, 10, 22.5],
							"uv": {
								"north": {"uv": [40, 44], "uv_size": [1, 1]},
								"east": {"uv": [36, 40], "uv_size": [2, 1]},
								"west": {"uv": [40, 37], "uv_size": [2, 1]},
								"down": {"uv": [38, 42], "uv_size": [1, -2]}
							}
						},
						{
							"origin": [4.14473, 1.66268, -7.50385],
							"size": [0.36137, 0.25255, 1.90041],
							"pivot": [4.20858, 1.91602, -6.56279],
							"rotation": [0, 10, 67.5],
							"uv": {
								"north": {"uv": [44, 40], "uv_size": [1, 1]},
								"east": {"uv": [40, 38], "uv_size": [2, 1]},
								"south": {"uv": [41, 44], "uv_size": [1, 1]},
								"west": {"uv": [39, 40], "uv_size": [2, 1]},
								"up": {"uv": [0, 41], "uv_size": [1, 2]},
								"down": {"uv": [1, 43], "uv_size": [1, -2]}
							}
						},
						{
							"origin": [3.89739, 2.23044, -7.46705],
							"size": [0.36137, 0.25255, 1.90041],
							"pivot": [3.75483, 2.14285, -6.56259],
							"rotation": [0, 10, 112.5],
							"uv": {
								"north": {"uv": [44, 41], "uv_size": [1, 1]},
								"east": {"uv": [2, 41], "uv_size": [2, 1]},
								"south": {"uv": [42, 44], "uv_size": [1, 1]},
								"west": {"uv": [4, 41], "uv_size": [2, 1]},
								"up": {"uv": [6, 41], "uv_size": [1, 2]}
							}
						},
						{
							"origin": [3.77648, 2.09911, -7.48837],
							"size": [0.36137, 0.25255, 1.90041],
							"pivot": [3.75483, 2.14285, -6.56259],
							"rotation": [0, 10, 157.5],
							"uv": {
								"north": {"uv": [44, 42], "uv_size": [1, 1]},
								"east": {"uv": [41, 4], "uv_size": [2, 1]},
								"west": {"uv": [41, 7], "uv_size": [2, 1]},
								"up": {"uv": [7, 41], "uv_size": [1, 2]},
								"down": {"uv": [9, 43], "uv_size": [1, -2]}
							}
						},
						{
							"origin": [3.89744, 1.80265, -7.46745],
							"size": [0.36137, 0.25255, 1.90041],
							"pivot": [3.75483, 2.14285, -6.56259],
							"rotation": [0, 10, -112.5],
							"uv": {
								"east": {"uv": [41, 9], "uv_size": [2, 1]},
								"south": {"uv": [43, 44], "uv_size": [1, 1]},
								"west": {"uv": [41, 10], "uv_size": [2, 1]},
								"down": {"uv": [10, 43], "uv_size": [1, -2]}
							}
						},
						{
							"origin": [3.7765, 1.93402, -7.48878],
							"size": [0.36137, 0.25255, 1.90041],
							"pivot": [3.75483, 2.14285, -6.56259],
							"rotation": [0, 10, -157.5],
							"uv": {
								"north": {"uv": [44, 43], "uv_size": [1, 1]},
								"east": {"uv": [12, 41], "uv_size": [2, 1]},
								"west": {"uv": [41, 12], "uv_size": [2, 1]},
								"up": {"uv": [41, 13], "uv_size": [1, 2]},
								"down": {"uv": [14, 43], "uv_size": [1, -2]}
							}
						},
						{
							"origin": [2.88174, 1.6829, 7.1175],
							"size": [2.2, 0.92, 0.2],
							"pivot": [3.98174, 2.1429, 2.6175],
							"rotation": [0, 0, -90],
							"uv": {
								"north": {"uv": [41, 15], "uv_size": [2, 1]},
								"east": {"uv": [44, 44], "uv_size": [1, 1]},
								"south": {"uv": [19, 41], "uv_size": [2, 1]},
								"west": {"uv": [0, 45], "uv_size": [1, 1]},
								"up": {"uv": [41, 19], "uv_size": [2, 1]},
								"down": {"uv": [41, 21], "uv_size": [2, -1]}
							}
						},
						{
							"origin": [2.88174, 1.6829, 7.1175],
							"size": [2.2, 0.92, 0.2],
							"uv": {
								"north": {"uv": [41, 23], "uv_size": [2, 1]},
								"east": {"uv": [45, 0], "uv_size": [1, 1]},
								"south": {"uv": [24, 41], "uv_size": [2, 1]},
								"west": {"uv": [1, 45], "uv_size": [1, 1]},
								"up": {"uv": [41, 24], "uv_size": [2, 1]},
								"down": {"uv": [27, 42], "uv_size": [2, -1]}
							}
						},
						{
							"origin": [2.87865, 1.69035, 7.1175],
							"size": [2.20617, 0.9051, 0.2],
							"pivot": [3.98174, 2.1429, 7.2175],
							"rotation": [0, 0, -45],
							"uv": {
								"north": {"uv": [41, 28], "uv_size": [2, 1]},
								"east": {"uv": [45, 1], "uv_size": [1, 1]},
								"south": {"uv": [41, 29], "uv_size": [2, 1]},
								"west": {"uv": [2, 45], "uv_size": [1, 1]},
								"up": {"uv": [30, 41], "uv_size": [2, 1]},
								"down": {"uv": [41, 33], "uv_size": [2, -1]}
							}
						},
						{
							"origin": [2.87865, 1.69035, 7.1175],
							"size": [2.20617, 0.9051, 0.2],
							"pivot": [3.98174, 2.1429, 7.2175],
							"rotation": [0, 0, -135],
							"uv": {
								"north": {"uv": [33, 41], "uv_size": [2, 1]},
								"east": {"uv": [45, 2], "uv_size": [1, 1]},
								"south": {"uv": [41, 33], "uv_size": [2, 1]},
								"west": {"uv": [3, 45], "uv_size": [1, 1]},
								"up": {"uv": [41, 34], "uv_size": [2, 1]},
								"down": {"uv": [35, 42], "uv_size": [2, -1]}
							}
						}
					]
				}
			]
		}
	]
}