{
	"format_version": "1.12.0",
	"minecraft:geometry": [
		{
			"description": {
				"identifier": "geometry.unknown",
				"texture_width": 16,
				"texture_height": 16,
				"visible_bounds_width": 2,
				"visible_bounds_height": 2.5,
				"visible_bounds_offset": [0, 0.75, 0]
			},
			"bones": [
				{
					"name": "mag_standard",
					"pivot": [0, 0.7, 0],
					"rotation": [-90, 0, 0],
					"cubes": [
						{
							"origin": [-0.08, 0.5, 0.1],
							"size": [0.16, 0.4, 0.3],
							"uv": {
								"north": {"uv": [0, 0], "uv_size": [1, 1]},
								"east": {"uv": [0, 1], "uv_size": [1, 1]},
								"south": {"uv": [1, 0], "uv_size": [1, 1]},
								"west": {"uv": [1, 1], "uv_size": [1, 1]},
								"up": {"uv": [0, 2], "uv_size": [1, 1]},
								"down": {"uv": [2, 1], "uv_size": [1, -1]}
							}
						},
						{
							"origin": [-0.08, 0.5, 0.1],
							"size": [0.16, 0.4, 0.3],
							"pivot": [0, 0.7, -0.4],
							"rotation": [0, 0, -90],
							"uv": {
								"north": {"uv": [1, 2], "uv_size": [1, 1]},
								"east": {"uv": [2, 1], "uv_size": [1, 1]},
								"south": {"uv": [2, 2], "uv_size": [1, 1]},
								"west": {"uv": [0, 3], "uv_size": [1, 1]},
								"up": {"uv": [3, 0], "uv_size": [1, 1]},
								"down": {"uv": [1, 4], "uv_size": [1, -1]}
							}
						},
						{
							"origin": [-0.08485, 0.50201, 0.1],
							"size": [0.16971, 0.39598, 0.3],
							"pivot": [0, 0.7, -0.4],
							"rotation": [0, 0, -45],
							"uv": {
								"north": {"uv": [3, 1], "uv_size": [1, 1]},
								"east": {"uv": [2, 3], "uv_size": [1, 1]},
								"south": {"uv": [3, 2], "uv_size": [1, 1]},
								"west": {"uv": [3, 3], "uv_size": [1, 1]},
								"up": {"uv": [0, 4], "uv_size": [1, 1]},
								"down": {"uv": [4, 1], "uv_size": [1, -1]}
							}
						},
						{
							"origin": [-0.08485, 0.50201, 0.1],
							"size": [0.16971, 0.39598, 0.3],
							"pivot": [0, 0.7, -0.4],
							"rotation": [0, 0, -135],
							"uv": {
								"north": {"uv": [1, 4], "uv_size": [1, 1]},
								"east": {"uv": [4, 1], "uv_size": [1, 1]},
								"south": {"uv": [2, 4], "uv_size": [1, 1]},
								"west": {"uv": [4, 2], "uv_size": [1, 1]},
								"up": {"uv": [3, 4], "uv_size": [1, 1]},
								"down": {"uv": [4, 4], "uv_size": [1, -1]}
							}
						},
						{
							"origin": [-0.04, 0.66, -1.5],
							"size": [0.08, 0.08, 0.9],
							"uv": {
								"north": {"uv": [4, 4], "uv_size": [1, 1]},
								"east": {"uv": [0, 5], "uv_size": [1, 1]},
								"south": {"uv": [5, 0], "uv_size": [1, 1]},
								"west": {"uv": [1, 5], "uv_size": [1, 1]},
								"up": {"uv": [5, 1], "uv_size": [1, 1]},
								"down": {"uv": [2, 6], "uv_size": [1, -1]}
							}
						},
						{
							"origin": [-0.1, 0.6, -0.6],
							"size": [0.2, 0.2, 1.3],
							"uv": {
								"north": {"uv": [5, 2], "uv_size": [1, 1]},
								"east": {"uv": [3, 5], "uv_size": [1, 1]},
								"south": {"uv": [5, 3], "uv_size": [1, 1]},
								"west": {"uv": [4, 5], "uv_size": [1, 1]},
								"up": {"uv": [5, 4], "uv_size": [1, 1]},
								"down": {"uv": [5, 6], "uv_size": [1, -1]}
							}
						}
					]
				}
			]
		}
	]
}